species	gb	bold
Gabrius exspectatus	0	1
Syntomium malkini	1	2
Scaphidium quadrimaculatum	34	37
Stenus koebelei	0	1
Alfocalea montana	0	6
Coryphiomorphus hyperboreus	0	0
Tomoglossa ecora	0	0
Bohemiellina flavipennis	0	1
Sepedophilus immaculatus	11	12
Dochmonota rudiventris	0	6
Gyrophaena neonana	0	0
Oxypoda longicarinata	2	4
Arrhenopeplus tesserula	2	7
Pentanota meuseli	1	1
Aloconota planifrons	0	6
Stenus dissentiens	0	0
Bryoporus testaceus	0	0
Scaphidium piceum	0	1
Astenus longiusculus	0	1
Gyrophaena nanoides	0	3
Euconnus gaudens	0	0
Reichenbachia rubricunda	0	0
Dropephylla clavigera	0	0
Quedius vexans	1	1
Paranopleta inhabilis	1	1
Pselaphaulax dresdensis	0	0
Gabrius laelaps	0	1
Phloeopora nitidiventris	0	0
Megarthrus nitidulus	2	2
Hypopycna rufula	5	6
Quedius sublimbatus	4	9
Gnypeta carbonaria	1	2
Carpelimus obesus	15	17
Medon mcleodi	0	0
Stenus cubensis	0	0
Toxidium compressum	0	0
Phlaeopterus hatchi	0	0
Erichsonius crescenti	0	0
Atheta acutangula	0	0
Gyrophaena egena	0	0
Tachinus minimus	0	3
Atheta oblita	0	8
Lordithon trimaculatus	3	4
Oxypoda pratensicola	0	0
Gyrophaena involuta	0	2
Gyrophaena antennalis	0	2
Lordithon speciosus	2	2
Xantholinus distans	4	0
Stenus frigidus	0	0
Tachinus subterraneus	7	14
Lathrobium fauveli	0	13
Giulianium alaskanum	0	0
Thinobius crinifer	0	0
Tachinus fimbriatus	6	23
Boreostiba websteri	1	2
Cafius aguayoi	0	0
Stenus boops	34	36
Stenus kongsbergensis	0	0
Stenus argus	3	6
Liogluta aloconotoides	0	0
Philonthus fuscus	0	0
Astenus immaculatus	0	0
Atheta pecki	0	0
Micralymma marinum	2	3
Micropeplus laticollis	0	10
Phytosus spinifer	2	2
Eumicrota socia	0	0
Gabrius lysippus	0	5
Stenus confusus	0	0
Mocyta clientula	0	0
Gyrophaena obsoleta	0	0
Oligota muensteri	0	0
Oxypoda yukonensis	1	3
Myllaena hyperborea	4	4
Leptusa elegans	0	1
Stenus caseyi	0	2
Stenus sphaerops	0	0
Atheta annexa	0	30
Liogluta micans	5	6
Philonthus intermedius	4	5
Hypnogyra angularis	16	1
Neobisnius prolixus	0	0
Hapalaraea pygmaea	3	4
Mycetoporus altaicus	3	3
Tyrus semiruber	0	5
Philonthus splendens	15	16
Atheta wisconsinica	0	0
Calodera caseyi	0	0
Amischa normalis	0	0
Thiasophila wockii	0	0
Anaulacaspis nigra	6	6
Euplectus signatus	1	2
Scaphisoma boleti	12	14
Scopaeus ventralis	0	0
Oxypoda islandica	2	2
Amacylophorus pratensis	0	0
Brachygluta sinuata	2	2
Atheta cinnamoptera	0	21
Philonthus poppiusi	0	0
Bobitobus lunulatus	0	0
Euconnus claviger	0	0
Platydracus zonatus	0	3
Neothetalia pallitarsis	6	8
Tachyporus hypnorum	18	20
Amarochara umbrosa	0	0
Tachinus absconditus	0	0
Bledius fergussoni	2	6
Mocyta simulans	0	0
Tachinus stacesmithi	0	0
Boreostiba piligera	0	1
Tachinus proximus	7	9
Olophrum fuscum	2	3
Dadobia immersa	2	3
Boreophilia beringi	0	0
Drusilla canaliculata	29	49
Placusa tachyporoides	41	51
Aleochara gracilicornis	0	3
Myllaena kraatzi	0	0
Scaphisoma inopinatum	0	0
Orobanus simulator	0	0
Aleochara suffusa	1	2
Erichsonius patella	8	81
Stictalia densicollis	0	0
Meotica pallens	5	6
Silusa densa	0	6
Platydracus viridanus	5	12
Stenus fulvoguttatus	0	0
Myrmecocephalus concinnus	16	9
Phlaeopterus houkae	6	7
Diaulota alaskana	0	1
Atheta laevicauda	0	0
Lomechusa emarginata	3	3
Gnypeta canaliculata	0	0
Philonthus binotatus	0	0
Artochia productifrons	0	0
Geodromicus schultzi	0	0
Oxyporus femoralis	0	6
Ocypus fulvipennis	1	1
Metopsia clypeata	6	4
Atheta tmolosensis	0	0
Cypha seminulum	0	0
Quedius persimilis	0	0
Dinarda dentata	3	4
Stictalia notata	0	0
Stenus advena	0	1
Cupila excavata	0	0
Lundbergia trybomi	0	0
Anotylus pumilus	0	0
Placusa incompleta	1	6
Philonthus asper	0	1
Trichiusa hirsuta	0	0
Aleochara spadicea	0	1
Hygropora longicornis	0	0
Amidobia talpa	4	4
Dilacra luteipes	1	0
Philonthus umbrinus	0	0
Bisnius pseudoparcus	0	1
Anotylus fairmairei	0	0
Alisalia elongata	0	0
Mocyta breviuscula	7	41
Geodromicus temporalis	0	0
Carpelimus volans	0	0
Quedius crescenti	0	0
Tmesiphorus costalis	0	0
Atheta borealides	0	0
Acrotona horwoodae	0	2
Alisalia testacea	0	2
Neohypnus melanops	0	0
Quedius fulgidus	5	5
Atheta euryptera	0	9
Euplectus tholini	0	0
Oxyporus mannerheimii	0	3
Quedius boops	6	11
Quedius curtipennis	13	14
Philonthus addendus	9	13
Subhaida rainieri	0	0
Bledius occidentalis	0	0
Atheta atramentaria	14	16
Decarthron formiceti	0	1
Stenus cephallenicus	0	0
Mycetoporus lepidus	3	4
Tinotus trisectus	0	0
Euplectus duponti	0	0
Nanobius serricollis	0	0
Dochmonota clancula	10	12
Ochthephilus biimpressus	1	6
Cilea silphoides	16	19
Dinothenarus badipes	4	12
Bledius procerulus	1	1
Mycetoporus piceolus	0	0
Stenus coriaceus	0	1
Trigonurus dilaticollis	0	2
Bolitochara obliqua	25	16
Tetartopeus rubripennis	0	0
Atheta marcida	0	14
Atheta confusa	0	0
Xylodromus depressus	0	0
Quedius tetricus	1	2
Reichenbachia peregrinator	0	0
Acrotona parvula	16	17
Atheta allocera	8	15
Olophrum interglaciale	0	0
Pycnoglypta heydeni	0	1
Tachinus luridus	31	44
Schistoglossa brunswickensis	0	2
Oxyporus maxillosus	5	20
Eupines impar	0	1
Deinopteroloma subcostatum	17	19
Oxypoda doderoi	0	0
Atheta basicornis	2	2
Bledius mysticus	0	0
Micropeplus latus	0	0
Oxypoda acuminata	17	20
Tachyporus dimorphus	0	0
Stenus excubitor	3	3
Atheta aquatica	1	1
Tyrus mucronatus	13	13
Aleochara sanguinea	0	5
Philonthus puberulus	0	0
Bolitochara mulsanti	13	13
Acylophorus agilis	0	2
Silusa vesperis	0	3
Oxypoda strandi	5	6
Lithocharis ochracea	2	6
Xantholinus laevigatus	5	9
Dinarda hagensii	1	1
Atheta parapicipennis	0	0
Thinonoma atra	11	12
Sepedophilus cinctulus	13	40
Tachinus scapularis	0	0
Platydomene picipes	0	0
Quedius laticollis	0	16
Euplectus confluens	0	0
Gyrophaena sculptipennis	0	0
Quedius pullmani	2	0
Tachyporus rulomus	22	1
Gnypeta brevicornis	0	0
Tachyusa concinna	0	0
Carpelimus nanuloides	0	0
Mycetoporus lucidulus	1	2
Aleochara sulcicollis	3	9
Carpelimus erichsoni	0	1
Proteinus altaicus	0	0
Phloeonomus minimus	5	5
Psammostiba comparabilis	0	0
Philonthus corvinus	2	3
Stenus circularis	1	3
Philonthus coprophilus	1	1
Quedius prostans	0	2
Quedius lundbergi	0	4
Stenus veselovae	0	0
Philonthus davus	0	0
Oxytelus migrator	2	3
Scaphisoma assimile	2	2
Brachycepsis adjutor	0	0
Amischa decipiens	24	56
Atheta atricolor	0	0
Xenodusa cava	0	4
Pseudopsis montoraria	1	2
Anthobium fusculum	0	0
Porrhodites inflatus	0	1
Philonthus dimidiatipennis	0	0
Leptacinus pusillus	7	12
Lophioderus insignis	0	0
Placusa despecta	0	7
Stictalia brevicornis	47	54
Reichenbachia binodifer	2	4
Renardia nigrella	2	3
Stenus niveus	7	13
Brathinus nitidus	0	2
Gyrophaena congrua	2	2
Philonthus cognatus	45	53
Atheta avalon	0	0
Philonthus umbratilis	7	12
Metocalea lindgreni	0	33
Oxypoda formiceticola	2	2
Atheta amicula	4	4
Stenus difficilis	0	1
Heterothops stiglundbergi	4	3
Ocyusa asperula	0	1
Scydmaenus zimmermanni	0	0
Syntomium grahami	1	1
Atheta crassicornis	24	24
Bledius denticollis	0	15
Lathrobium poljarne	0	0
Pselaphus erichsonii	0	0
Atheta subterranea	0	0
Stenus sectator	1	3
Micropeplus dokuchaevi	0	1
Oxypoda tarda	0	0
Stenus rossi	0	4
Batrisodes frontalis	1	2
Oxypoda gatosensis	0	0
Philonthus ephippium	0	0
Philonthus flumineus	0	5
Euconnus salinator	0	0
Atheta terminalis	1	1
Philonthus sanguinolentus	13	15
Carpelimus conjunctus	0	0
Oxypoda abdominalis	1	11
Ontholestes tessellatus	9	12
Anotylus hamatus	0	0
Ocalea latipennis	0	0
Goniusa alperti	0	0
Quedius deperditus	0	0
Stenus fuscipes	5	7
Pycnoglypta aptera	0	1
Philhygra palustris	14	33
Lordithon scutellaris	0	6
Linohesperus borealis	0	0
Gyrophaena flavicornis	0	8
Palaminus luteus	0	0
Stenus kamtschaticus	0	1
Eutheia schaumii	0	0
Platystethus alutaceus	1	1
Heterothops tenuiventris	0	0
Toxidium gammaroides	0	8
Centrotoma lucifuga	0	0
Bisnius tereus	0	0
Phlaeopterus frosti	0	0
Lathrobium elongatum	11	11
Atheta polaris	0	0
Autalia puncticollis	4	4
Clavilispinus prolixus	0	0
Stenus mendosus	0	0
Eucnecosum tenue	0	9
Oxypoda arborea	0	0
Philonthus longicornis	5	11
Micralymma brevilingue	4	4
Arpedium schwarzi	0	0
Eusphalerum farrarae	1	2
Tachinus smetanai	0	1
Neohypnus monstrosus	0	0
Eurodotina inquinula	0	0
Stenus noctivagus	0	0
Liogluta longiuscula	13	14
Scopaeus pusillus	0	0
Atheta hybrida	0	5
Atheta lindrothi	0	0
Holobus vancouveri	0	0
Pella laticollis	0	0
Lathrobium fovulum	15	15
Mycetoporus nigrans	0	25
Euconnus pertinax	0	0
Philonthus cunctans	0	4
Medon shastanicus	0	0
Atheta pennsylvanica	0	14
Hapalaraea hamata	1	4
Quedius bicoloris	1	2
Ctenisodes saginatus	0	0
Autalia rivularis	15	19
Tasgius winkleri	1	3
Heterothops sordidus	0	0
Stenichnus perforatus	0	0
Atrecus americanus	0	5
Lomechusoides teres	0	0
Aleochara pacifica	0	13
Oxypoda lacustris	8	32
Anotylus suspectus	0	0
Ontholestes murinus	15	18
Quedius capucinus	2	8
Atheta excellens	0	0
Trimiomelba dubia	0	0
Thinodromus diffusus	0	0
Neohypnus beckeri	1	3
Micropeplus hopkinsi	0	0
Anthobium reflexicolle	0	6
Atheta hygrobia	3	6
Lordithon fungicola	89	739
Amarochara formicina	0	1
Tachinus apterus	2	2
Philonthus flavibasis	24	51
Gabrius forcipatus	0	0
Lobrathium caseyianum	0	0
Gyrophaena rugipennis	0	0
Baeocera securiforma	0	1
Euaesthetus superlatus	6	6
Boreophilia neoinsecuta	0	0
Anotylus nanus	0	0
Paederus fuscipes	34	108
Pelioptera robustum	0	0
Philonthus quisquiliarius	30	35
Tasgius morsitans	1	3
Atheta dwinensis	0	0
Myllaena minuta	9	5
Mycetoporus smetanai	0	1
Ilyobates bennetti	13	10
Batrisodes furcatus	0	0
Rybaxis clavata	0	1
Aleochara lacertina	0	6
Cafius lithocharinus	0	2
Oxypoda serpentata	0	0
Gabrius dufbergi	0	0
Habrocerus magnus	0	1
Acidota cruentata	0	0
Stenus immarginatus	0	10
Psammostiba kenaii	0	2
Bolitochara lucida	22	18
Silusa rubiginosa	5	5
Tachinus maculicollis	6	11
Liogluta wickhami	0	0
Bledius rotundicollis	0	1
Brachyusa americana	0	0
Renardia canadensis	0	0
Scopaeus sulcicollis	0	0
Pella caliginosa	3	3
Stictocranius puncticeps	0	1
Microedus laticollis	1	1
Agaricomorpha websteri	0	1
Placusa adscita	0	0
Aleochara tristis	2	5
Atheta hansseni	0	5
Brachygluta helferi	2	5
Stenus pubescens	9	8
Oxypoda glenorae	0	0
Bledius opacifrons	0	0
Bledius gravidus	2	7
Dropephylla linearis	4	5
Schistoglossa carexiana	0	0
Omalium riparium	5	6
Quedius campbelli	0	1
Boreostiba sibirica	86	102
Atheta ehnstroemi	0	0
Eusphalerum primulae	5	5
Quedionuchus plagiatus	36	44
Tachinus lignorum	15	15
Lordithon idahoae	0	0
Eleusis pallida	0	2
Sonoma margemina	2	3
Anotylus tetracarinatus	46	50
Oxypoda leechi	0	0
Olophrum arcanum	0	0
Myrmecopora vaga	0	0
Atheta pseudocrenuliventris	3	10
Lordithon bicolor	0	0
Megarthrus smetanai	0	0
Oxypoda togata	2	4
Myllaena fenyesi	0	0
Quedius suturalis	8	10
Cypha suecica	0	0
Siagonium stacesmithi	0	2
Tachinus marginellus	22	24
Quedius densiventris	0	1
Stenus shilovi	0	0
Dinaraea borealis	3	9
Pella gesneri	1	5
Planeustomus palpalis	10	10
Tachyporus scitulus	8	8
Baeocera falsata	0	6
Atheta elongatula	16	19
Euconnus tenebrosus	0	0
Ischnosoma pictum	4	11
Coryphium angusticolle	8	10
Medon americanus	0	6
Tachinus corticinus	27	41
Alisalia minuta	0	2
Tasgius globulifer	0	4
Cafius xantholoma	13	14
Brachycepsis pacifica	0	0
Bryophacis rugipennis	0	0
Reichenbachia divergens	0	0
Philonthus pettiti	0	0
Atheta pacifica	0	0
Gnypeta sellmani	5	5
Quedius maurorufus	7	8
Stenus carbonarius	4	6
Proteinus parvulus	0	12
Phloeocharis subtilissima	25	15
Tinotus caviceps	0	0
Bryophacis rufus ssp. Punctipennis	0	0
Quedius frater	0	0
Lobrathium longiusculum	0	0
Philonthus hepaticus	0	2
Myllaena insomnis	0	4
Stenus aereus	0	0
Tachyporus pulchellus	0	5
Scaphidium quadriguttatum	1	5
Anotylus petzi	0	0
Aloconota languida	0	2
Stenus bilentigatus	0	0
Lathrobium flavipes	0	0
Anthophagus alpinus	14	20
Quedius pseudoumbrinus	0	0
Euconnus semiruber	0	0
Tachinus laticollis	20	22
Dianous chalybaeus	0	1
Bryophacis rubescens	0	2
Stictalia carlottae	0	0
Bisnius picicornis	1	3
Reichenbachia subtilis	0	0
Philonthus laminatus	6	7
Quedius adnexus	0	0
Philonthus busiris	0	2
Ceophyllus monilis	0	1
Gennadota canadensis	1	2
Quedius labradorensis	13	15
Micropeplus punctatus	3	3
Mycetoporus triangulatus	0	0
Stenus sordidus	0	1
Stenus fossulatus	0	9
Gyrophaena polita	8	8
Erichsonius nanus	2	10
Atheta ripicola	0	1
Atheta nesslingi	0	4
Rybaxis varicornis	0	1
Philonthus lomatus	4	10
Pseudopsis obliterata	0	0
Gyrohypnus punctulatus	4	6
Stethusa spuriella	2	3
Calodera rubens	0	0
Eudectus giraudi	0	0
Atheta aemula	0	5
Aleochara lygaea	0	0
Atheta smetanai	0	2
Bledius suturalis	0	0
Stenichnus scutellaris	57	68
Anatheta surrufa	0	0
Acylophorus flavicollis	0	3
Xenodusa reflexa	0	7
Stenus canaliculatus	13	18
Acrulia tumidula	0	0
Pseudomedon thoracicus	0	0
Omalium laticolle	0	0
Silusa langori	0	0
Atheta obtusangula	0	2
Philonthus distans	0	0
Atheta atomaria	0	0
Aleochara peeziana	0	0
Quedius picipes	3	4
Linohesperus cuspifer	0	0
Nevraphes elongatulus	0	0
Philonthus virgo	0	0
Stenus quebecensis	0	5
Stenus latipennis	0	0
Megarthrus bellevoyei	0	1
Neothetalia pulcherrima	0	0
Gyrohypnus atratus	10	10
Phytosus balticus	0	1
Bibloplectus ambiguus	0	12
Gyrophaena minima	4	19
Phloeopora concolor	1	1
Gabrius microphthalmus	5	26
Gyrophaena munsteri	9	9
Gyrophaena stroheckeri	0	0
Ischnosoma fimbriatum	4	9
Gnypeta caerulea	5	7
Bryoporus cernuus	4	4
Heterothops pusio	1	5
Philhygra pseudoboreostiba	0	0
Atheta brunswickensis	2	30
Acidota subcarinata	3	19
Tachinus vergatus	0	4
Reichenbachia propinqua	0	4
Baeocera pallida	0	0
Quedius alesi	0	0
Philonthus laevicollis	1	2
Philonthus rotundicollis	14	15
Oxypoda lugubris	0	0
Parascydmus corpusculus	0	0
Atheta pseudosubtilis	0	4
Neohypnus obscurus	0	3
Gyrophaena affinis	7	29
Stenus scrutator	0	0
Gabrius bishopi	2	2
Tetartopeus nitidulus	0	0
Bisnius scribae	0	0
Stenus plicipennis	0	4
Bryophacis maklini	3	3
Eutheia plicata	0	0
Gyrohypnus campbelli	0	0
Philonthus pseudolodes	0	0
Myllaena gracilis	4	4
Medon convergens	0	0
Ochthephilus andalusiacus	0	0
Atheta sparreschneideri	3	3
Stenus atratulus	2	3
Quedius canadensis	1	15
Rybaxis conjuncta	0	1
Tetartopeus rufonitidus	0	0
Oxypoda hansseni	0	0
Bledius albonotatus	0	1
Euaesthetus ruficapillus	23	25
Stenus egenulus	0	3
Bisnius bion	0	0
Phanerota fasciata	0	6
Euplectus mutator	3	3
Microedus austinianus	1	8
Aleochara lustrica	0	2
Thiasophila inquilina	0	0
Euaesthetus duplex	0	0
Quedius centrasiaticus	0	0
Amischa praelonga	0	0
Bolitochara carlottae	0	0
Lypoglossa manitobae	0	0
Zyras planifer	0	0
Medon rufiventris	0	0
Oxypoda bicolor	0	0
Plataraea nigrifrons	0	0
Eusphalerum klimaszewskii	0	0
Stenus oscillator	0	0
Scaphisoma convexum	9	22
Bledius pallipes	1	2
Atheta melanocera	6	6
Eumicrota corruscula	0	0
Hydrosmecta delicatula	0	0
Euplectus kirbii	6	6
Pyroglossa opaca	0	0
Lordithon anticus	12	19
Gyrophaena chippewa	0	0
Lordithon arcuatus	0	0
Megarthrus arcuatus	0	1
Bryophacis smetanai	0	12
Philhygra junii	0	4
Aloconota gregaria	16	26
Mycetoporus consors	0	5
Atrecus longiceps	0	5
Tetartopeus tetricus	0	0
Claviger testaceus	3	4
Gabrius exiguus	0	0
Tachyusa constricta	6	6
Mniusa grandiceps	0	0
Olophrum obtectum	8	10
Aleochara speculicollis	0	0
Atheta caribou	0	13
Carpelimus impressus	7	8
Dalotia coriaria	4	8
Omalium oxyacanthae	8	8
Scaphisoma agaricinum	20	23
Cafius sulcicollis	0	9
Stenus humilis	17	19
Leptusa canonica	0	2
Eusphalerum tenenbaumi	0	0
Atheta parca	0	0
Cafius seminitens	0	5
Lathrobium impressum	12	13
Dianous nitidulus	0	1
Cupila clavicornis	4	5
Atheta lebedevoensis	0	0
Atheta cryptica	0	12
Gabrius picipennis	3	12
Pelioptera americanum	0	0
Philonthus semiruber	0	0
Gymnusa brevicollis	7	7
Quedius fuliginosus	14	16
Lathrobium nigrolineum	0	0
Earota dentata	34	45
Stenichnus godarti	0	14
Stenus gallicus	1	1
Atheta sodalis	26	17
Phyllodrepa salicis	0	0
Philonthus varro	0	0
Trimioplectus obsoletus	0	1
Mycetoporus bipunctatus	0	2
Meotica exilis	8	10
Bledius strenuus	0	3
Euconnus ludificans	0	0
Anotylus rugosoides	0	0
Mocyta amblystegii	0	10
Scydmaenus hellwigii	4	4
Stenus auriger	0	0
Geodromicus plagiatus	7	14
Stenus croceatus	0	0
Anotylus gibbulus	0	0
Aleochara lepidoptera	0	0
Tachinus rufitarsis	0	0
Lucifotychus cognatus	3	6
Euaesthetus bipunctatus	3	4
Subhaida monticola	0	0
Tetartopeus zetterstedti	4	4
Bisnius epeus	0	0
Gymnusa grandiceps	1	7
Ocypus ophthalmicus	12	14
Stenus proditor	1	3
Lathrobium pallidipenne	1	1
Megarthrus strandi	0	0
Phyllodrepa punctiventris	0	0
Stenus assequens	1	4
Bisnius hesperidum	0	0
Atheta fanatica	2	8
Atheta indubia	0	0
Lordithon obsoletus	0	0
Quedius mordax	1	2
Atheta ravilla	0	13
Ocypus picipennis	1	1
Cephennium gallicum	11	12
Ephelinus notatus	0	0
Rabigus tenuis	2	2
Atheta prudhoensis	3	62
Batrisodes venustus	0	0
Gymnusa absens	0	0
Medon vancouveri	0	0
Atheta ventricosa	4	41
Quedius levicollis	1	2
Omalium curtipenne	0	0
Brachygluta haematica	0	0
Dropephylla vilis	0	1
Gyrohypnus fracticornis	9	17
Tachyporus nanus	0	0
Aleochara lanuginosa	12	13
Oxypoda lentula	1	2
Aloconota subgrandis	0	1
Euconnus debilitans	0	0
Euaesthetus ruficollis	0	0
Actium barri	1	2
Ochthephilum detectum	0	0
Lordithon oregonus	0	0
Aleochara haematoptera	0	1
Tachinus debilis	0	0
Phloeopora testacea	5	6
Sepedophilus bisignatus	0	1
Heterothops carbonatus	0	0
Pontomalota opaca	4	6
Quedius velox	62	65
Oxypoda ferruginea	0	0
Philonthus couleensis	0	5
Microedus porterae	0	0
Tachinus angustatus	7	7
Atheta klagesi	4	13
Trichiusa pseudopostica	0	1
Omalium rivulare	59	54
Erichsonius brachycephalus	0	0
Rugilus biarmatus	0	0
Tetartopeus baicalicus	0	0
Megastilicus formicarius	0	0
Lordithon trinotatus	16	20
Bryophacis punctatissimus	0	1
Quedius fumatus	11	10
Atheta irrupta	2	12
Platydracus exulans	0	0
Schistoglossa pseudocampbelli	0	1
Liogluta alpestris	10	8
Philonthus corruscus	8	8
Emmelostiba microptera	2	4
Stenus pallitarsis	2	6
Pella humeralis	9	9
Tachyporus duplex	0	0
Schistoglossa curtipennis	2	3
Philonthus sericinus	0	5
Hydrosmecta tenella	0	0
Oligota granaria	4	4
Sunius confluentus	0	16
Phyllodrepa puberula	1	2
Stenus juno	23	27
Euconnus rasus	0	0
Tachyporus transversalis	6	10
Plectophloeus nubigena	14	14
Rugilus erichsonii	0	13
Pycnoplectus interruptus	0	0
Olophrum rotundicolle	11	19
Stenus rigidus	0	2
Aleochara funebris	2	1
Olophrum latum	19	23
Neothetalia smetanai	0	0
Hygropora cunctans	1	1
Tachinus crotchii	0	1
Heterothops asperatus	0	0
Gabrius vibius	0	0
Thecturota tenuissima	0	5
Diaulota aokii	2	3
Paraleptonia pacei	0	0
Acrolocha helferi	0	0
Batrisodes lineaticollis	0	9
Quedius dilatatus	3	3
Quedius nigriceps	0	0
Stenus pudicus	7	8
Reichenbachia borealis	1	2
Atheta altaica	0	27
Atheta trinotata	0	2
Pycnoglypta lurida	4	4
Oxyporus stiriacus	0	0
Lathrobium debile	0	1
Eutheia scydmaenoides	2	2
Philhygra laevicollis	3	6
Reichenbachia chandleri	0	0
Olisthaerus megacephalus	4	10
Myllaena vulpina	0	1
Atheta nidicola	0	0
Acylophorus pratensis	0	0
Dinothenarus pubescens	0	0
Thiasophila angulata	6	5
Carphacis effrenatus	0	6
Euvira micmac	0	4
Atheta keeni	2	18
Quedius simulator	2	5
Stenus scabiosus	0	0
Eusphalerum minutum	22	24
Philhygra criddlei	0	0
Dasygnypeta velata	2	6
Gyrophaena uteana	0	0
Proteinus brachypterus	48	26
Aleochara bilineata	7	8
Quedius dubius	7	7
Chionotyphlus alaskensis	0	0
Myllaena kaskaskia	0	1
Philonthus occidentalis	0	4
Veraphis lacuna	0	0
Trichiusa compacta	0	1
Thecturota pusio	0	0
Lathrobium antiquatum	0	0
Boreophilia hercynica	0	0
Atheta holmbergi	0	0
Philonthus lindrothi	0	5
Philonthus rectangulus	14	18
Tychus niger	11	13
Quedionuchus glaber	10	0
Bythinus macropalpus	1	1
Paradilacra densissima	4	5
Drastophus laevicollis	0	0
Stenus alexanderi	2	3
Thinodromus arcuatus	17	17
Bledius confusus	1	2
Philonthus morosus	0	0
Sepedophilus crassus	2	12
Megarthrus excisus	2	5
Tachyporus formosus	5	6
Atheta graminicola	17	42
Gnypeta helenae	0	0
Nudobius cephalus	0	5
Pseudopsis sulcata	0	2
Megarthrus nigrinus	0	1
Euconnus trifidus	0	0
Aleochara spissicornis	1	1
Ochthephilum cinctum	0	0
Mycetoporus punctus	3	6
Stenus geminorum	0	0
Brachygluta fossulata	15	16
Philonthus nudus	0	2
Neohypnus fragilis	0	1
Quedius semiobscurus	1	1
Hadrotes crassus	3	27
Atheta subglabra	0	7
Tetartopeus niger	0	4
Megocalea lemieuxi	0	0
Amarochara duryi	0	0
Gyrophaena joyi	2	2
Euconnus wetterhallii	0	0
Atheta pugnans	0	0
Mycetoporus additus	0	0
Bobitobus quaesitor	0	0
Bledius femoralis	2	3
Mocyta scopula	3	3
Gnathusa minutissima	0	0
Proteinus crenulatus	0	1
Atheta districta	0	5
Philonthus hudsonicus	0	1
Amblopusa vancouverensis	0	0
Euryusa sinuata	1	2
Oxypoda demissa	2	5
Aleochara trisecta	0	0
Atheta cheersae	0	2
Philonthus validus	0	5
Carpelimus harneyi	0	0
Reichenbachia arcifer	0	0
Gnathusa tenuicornis	2	6
Gabrius fallaciosus	10	18
Bledius tau	0	0
Mocyta sphagnorum	0	1
Quedius vilis	1	2
Deliphrosoma macrocephalum	0	0
Megarthrus denticollis	17	17
Oxytelus convergens	0	5
Neuraphes perssoni	0	0
Stenus wuesthoffi	0	0
Meotica filiformis	2	1
Atheta microelytrata	0	6
Crinolinus intonsus	0	0
Scopaeus gracilis	9	9
Thinobius flagellatus	0	0
Gymnusa atra	0	6
Mycetoporus montanus	0	1
Atheta arctica	4	5
Bobitobus longiceps	0	0
Carcinocephalus flavidum	0	1
Stenus clavicornis	21	24
Placusa suecica	0	0
Liogluta intermedia	0	14
Reichenbachia facilis	0	1
Quedius plagiatus	0	0
Leptusa opaca	0	5
Thinodromus corvinus	0	0
Gnathusa caribou	1	3
Stenus semicolon	0	0
Atheta liturata	0	3
Phacophallus pallidipennis	0	0
Tetartopeus captiosus	0	0
Actiastes globifer	0	0
Bisnius nigriventris	2	5
Megarthrus atratus	0	3
Sepedophilus kiteleyi	0	0
Bledius arcticus	5	6
Xylodromus segmentarius	0	0
Acrotona pseudopygmaea	0	0
Myrmecopora sulcata	0	0
Philonthus nitidicollis	0	0
Platydracus fossator	1	5
Phlaeopterus lagrandeuri	8	15
Syntomium keenianum	0	0
Micropeplus minor	0	0
Euconnus fimetarius	7	8
Stenus colonus	0	1
Stenus neglectus	0	1
Orus sinuatus	0	0
Lathrobium debilitatum	0	0
Scaphidium obliteratum	0	0
Megarthrus borealis	0	0
Gyrophaena gilvicollis	0	4
Acrolocha angustior	0	0
Quedius lateralis	16	13
Philonthus rufulus	8	26
Phlaeopterus stacesmithi	0	0
Meotica moczarskii	4	0
Tychus monilicornis	0	0
Atheta diversa	0	2
Neobisnius terminalis	1	2
Paederus littorarius	8	15
Gnathusa alfacaribou	0	0
Myrmecocephalus cingulatus	0	2
Atheta strigosula	7	21
Stenus californicus	0	0
Atheta boreella	0	2
Scaphisoma repandum	6	8
Olophrum celatum	0	0
Astenus cinctus	0	1
Bledius nardus	0	0
Leptobium gracile	0	0
Stenus varipes	0	0
Stenus pollens	0	2
Baeocera picea	1	9
Bledius fennicus	0	0
Palaminus hudsonicus	0	11
Bryophacis rufus punctipennis	0	0
Mycetoporus monticola	1	1
Omalium imitator	0	0
Hylota cryptica	4	5
Gabrius subnigritulus	0	0
Atheta sordidula	3	4
Thinobius longipennis	0	0
Microscydmus minimus	10	19
Euaesthetus chantali	0	0
Lobrathium sewardi	0	0
Nitidotachinus tachyporoides	1	9
Paramblopusa eoa	0	4
Geodromicus hoejeri	0	0
Quedius frigidus	0	5
Astenus pulchellus	0	9
Apocellus sphaericollis	1	6
Tachinus humeralis	17	15
Atheta pallidicornis	19	13
Schistoglossa campbelli	1	5
Philonthus jurgans	8	9
Dinaraea angustula	3	5
Ochthephilus strandi	0	1
Gabrius trossulus	11	15
Stenus strandi	5	5
Atheta pachycera	0	0
Zyras funestus	3	4
Gyrophaena subnitens	0	9
Anotylus saulcyi	0	0
Eusphalerum pothos	399	598
Sepedophilus constans	1	1
Philonthus lederi	1	2
Bledius defensus	3	3
Gauropterus fulgidus	9	13
Oligota uralensicola	0	0
Atheta melanaria	5	5
Pseudopsis sagitta	1	9
Atheta banghaasi	0	0
Pseudolathra oregonensis	0	0
Bledius fontinalis	0	0
Coproporus colchicus	0	0
Atheta kaiseriana	0	0
Mocyta amplicollis	0	0
Stenus hypoproditor	1	1
Thinobius ciliatus	9	9
Quedius transparens	1	3
Tachyporus corpulentus	0	1
Aleodorus bilobatus	9	11
Gyrophaena brevicollis	0	0
Anotylus insecatus	21	26
Stenus gratiosus	0	5
Atanygnathus terminalis	0	7
Stenus melanopus	1	4
Deleaster dichrous	24	25
Atheta boletophila	0	0
Carphacis striatus	6	9
Gabrius piliger	3	4
Leptusa fumida	15	13
Stenus crassus	6	8
Stenus clarostigma	0	0
Phloeonomus sjobergi	2	2
Neothetalia columbiana	6	11
Geostiba circellaris	15	23
Stenus rufomaculatus	0	0
Stenus incrassatus	9	10
Clusiota impressicollis	0	16
Ischnopoda scitula	0	0
Othius angustus	5	7
Tetartopeus sollicitus	0	1
Batrisodes sinuatifrons	0	0
Tachinus mexicanus	4	0
Nudobius lentus	16	20
Euplectus punctatus	6	7
Veraphis engelmarki	0	0
Erichsonius alumnus	0	0
Bledius coulteri	0	2
Xylodromus affinis	0	0
Stictalia arcuata	0	0
Quedius nigrocaeruleus	0	0
Acrolocha minuta	0	0
Tachinus semirufus	3	5
Baeocera humeralis	0	7
Atanygnathus bicolor	1	1
Nitidotachinus scrutator	2	2
Lathrobium scolopaceum	1	6
Gabrius vindex	0	0
Atheta malleus	7	7
Lathrobium washingtoni	0	6
Philonthus aequalis	0	2
Acrotona nigerrima	0	0
Philhygra clemens	0	17
Olophrum stouti	0	0
Leptacinus sulcifrons	10	12
Quedius subunicolor	2	2
Stenus picipes	4	5
Acrolocha leechi	0	0
Atheta volans	0	6
Gyrohypnus angustatus	23	14
Trichiusa pilosa	0	0
Oxypoda orbicollis	1	11
Amblopusa alaskana	0	1
Mocyta negligens	0	0
Phyllodrepa floralis	8	10
Heterothops dissimilis	9	8
Philonthus alpinus	0	1
Atheta newfoundlandica	0	1
Bolitochara lunulata	0	0
Taphroscydmus californicus	0	5
Gnypeta brincki	1	2
Micropeplus caelatus	0	0
Homaeotarsus sellatus	0	2
Oligota inexspectata	0	0
Adranes lecontei	0	0
Phyllodrepa sahlbergi	1	1
Thinobius brundini	0	0
Tarphiota geniculata	2	6
Batrisodes riparius	0	2
Thiasophila bercionis	0	0
Oxypoda nigricornis	3	5
Lamprinodes saginatus	1	1
Philonthus vulgatus	3	10
Ochthephilus forticornis	0	1
Atheta sodermani	0	0
Thinobius longicornis	0	0
Atheta aeneipennis	7	7
Quedius truncicola	12	10
Omalium exiguum	3	3
Sepedophilus ctenidialis	0	0
Philonthus cruentatus	6	9
Oxypoda nelsoni	0	0
Tachyporus rulomoides	0	0
Arpedium brachypterum	0	0
Gabrius brevipennis	5	11
Meliceria tragardhi	0	0
Stenus schwarzi	0	2
Atheta pseudoterminalis	0	0
Bisnius diversipennis	0	0
Gnathusa grandiceps	0	0
Lucifotychus testaceus	0	1
Aleochara puberula	0	0
Eudectus whitei	0	0
Tympanophorus puncticollis	0	10
Aleodorus scutellaris	0	0
Ochthephilus planus	0	2
Phymatura brevicollis	2	2
Philonthus cyanipennis	0	0
Stenus umbratilis	10	19
Aloconota carmanah	0	0
Aleochara rubricalis	3	7
Quedius longicornis	0	0
Atheta luridipennis	1	0
Eutrichites zonatus	0	0
Gnypeta minuta	3	0
Oxypoda irrasa	25	54
Bledius honestus	0	0
Phacophallus parumpunctatus	9	11
Myrmecocephalus arizonicus	0	0
Anotylus rugifrons	0	0
Lathrobium brunnipes	34	28
Platandria carolinae	0	0
Atheta serrata	0	0
Oxypoda brevicornis	14	17
Atheta shurawskyi	0	0
Metopsia similis	0	0
Cedius ziegleri	0	0
Oxypoda madgei	0	0
Stenistoderus rubripennis	2	8
Medon hatchi	0	0
Euconnus flavitarsis	0	0
Pseudolathra ambigua	0	0
Myrmoecia canadensis	0	0
Philhygra pohli	0	0
Philorinum sordidum	1	3
Quedius tenellus	5	6
Trigonurus crotchi	0	1
Atheta debilis	1	6
Oxypoda advena	1	1
Tachyporus quadriscopulatus	0	0
Meotica exillima	0	0
Mycetoporus reichei	1	3
Stenus subarcticus	2	2
Heterothops praevius	1	8
Atheta quebecensis	0	0
Hemiquedius ferox	3	9
Stenus bimaculatus	21	24
Lypoglossa angularis	0	23
Quedius erythrogaster	3	1
Calodera protensa	0	0
Xantholinus dvoraki	0	0
Zalobius spinicollis	0	0
Gyrophaena vitrina	0	1
Lathrobium longulum	25	26
Atheta dadopora	23	52
Bledius tricornis	18	18
Omalium repandum	0	4
Holoboreaphilus nordenskioeldi	0	0
Neobisnius jucundus	0	0
Bledius flavipennis	0	0
Rybaxis mystica	0	4
Bledius opacus	23	21
Atheta sculptisoma	0	0
Hydrosmecta longula	8	10
Hydrosmecta newfoundlandica	0	0
Othius volans	2	2
Quedius rusticus	13	18
Acrolocha crenulata	0	0
Anatheta planulicollis	0	0
Bryophacis discalis	0	0
Philonthus marginatus	12	17
Acidota quadrata	15	18
Oxypoda lucidula	0	3
Mycetoporus neotomae	0	0
Phymatura blanchardi	0	1
Oxytelus sculptus	11	15
Atheta nigripes	0	11
Quedius seriatus	0	1
Leptusa gatineauensis	0	2
Mocyta fungi	83	69
Anotylus inustus	10	11
Tachyporus obtusus	28	29
Lucifotychus hirsutus	0	5
Euplectus karstenii	19	23
Oxypoda rubescans	0	0
Dropephylla gracilicornis	0	1
Trichonyx sulcicollis	2	2
Bledius mandibularis	0	10
Gyrophaena orientalis	0	0
Stenus laccophilus	0	5
Rybaxis longicornis	24	24
Atheta ringi	0	0
Brachygluta luniger	0	0
Stenus gibbicollis	0	0
Philonthus blossius	0	0
Philonthus lecontei	0	0
Philonthus triangulum	0	0
Bledius philadelphicus	0	0
Gabronthus thermarum	4	10
Bledius aquilonarius	0	0
Gabrius austriacus	0	2
Paraphloeostiba gayndahensis	0	9
Omalium muensteri	2	4
Dropephylla puella	0	0
Gyrophaena modesta	0	7
Pyroglossa mirabilis	0	0
Euconnus oreophilus	0	0
Gymnusa konopackii	0	3
Quedius nitipennis	6	10
Scopaeus ryei	1	1
Pseudoxyporus lateralis	0	0
Neothetalia canadiana	3	5
Heterothops fraternus	0	0
Hydrosmecta subtilissima	1	1
Lesteva hanseni	0	0
Neobisnius procerulus	6	6
Liparocephalus brevipennis	2	5
Tachinus pallipes	22	22
Lesteva pubescens	4	5
Tychobythinus bythinioides	0	0
Aloconota philonthoides	0	0
Eutyphlus schmitti	0	0
Gabrius ulpius	0	0
Scydmoraphes minutus	4	5
Melba parvula	1	2
Lordithon exoletus	5	6
Actium wawonaensis	0	0
Quedius jenisseensis	0	0
Tachyporus elegans	3	8
Ischnoglossa elegantula	0	0
Euplectus piceus	7	8
Ocyusa yukonensis	0	0
Euconnus elongatus	0	0
Philhygra ripicoloides	0	0
Homaeotarsus cinctus	2	8
Mycetoporus nidicola	0	0
Sonoma parviceps	1	3
Trissemus clavicornis	0	0
Pseudoxyporus occipitalis	0	0
Mycetoporus brucki	0	0
Phloeopora teres	7	9
Aleochara ocularis	0	3
Eusphalerum swauki	0	0
Lithocharis nigriceps	17	38
Amischa nigrofusca	0	5
Bledius ineptus	0	0
Oxyporus vittatus	0	5
Lobrathium indubium	0	0
Dinaraea arcana	3	3
Gabrius bescidicus	0	0
Ocypus fuscoaeneus	0	0
Gyrophaena pulchella	3	3
Rabigus laxellus	1	2
Hypomedon quadripennis	0	0
Scydmaenus retrusus	0	0
Euplectus duryi	3	4
Bisnius subuliformis	11	12
Claviger longicornis	0	1
Euconnus hirticollis	3	4
Anotylus maritimus	0	0
Chennium bituberculatum	0	0
Dexiogyia corticina	6	8
Phyllodrepa humerosa	0	1
Quedius pseudolimbatus	1	3
Bibloporus mayeti	0	0
Ocyusa picina	3	3
Lathrobium pallidum	0	0
Tetartopeus terminatus	14	4
Lathrobium latum	0	0
Mycetoporus longulus	1	1
Oxypoda vockerothi	0	0
Lordithon kelleyi	0	13
Liogluta terminalis	0	6
Lathrobium lineatocolle	0	2
Atrecus macrocephalus	9	12
Stenus aterrimus	0	0
Oxytelus piceus	17	17
Atheta ebenina	0	2
Aleochara curtidens	0	2
Mniusa yukonensis	3	9
Tachyporus abdominalis	29	33
Philonthus theveneti	0	0
Mycetoporus americanus	0	9
Boreophilia hyperborea	2	5
Astenus americanus	0	1
Geodromicus strictus	0	1
Gabrius breviventer	17	7
Acrolocha fracta	0	0
Bibloplectus integer	0	0
Mniusa incrassata	4	4
Eusphalerum convexum	12	20
Liogluta atriventris	0	0
Thinobius munsteri	0	0
Quedius nanulus	5	4
Boreostiba parvipennis	0	21
Bledius terebrans	1	1
Stenus palposus	4	4
Tachinus memnonius	0	3
Xantholinus elegans	11	18
Bledius opaculus	0	0
Xantholinus gallicus	3	0
Bisnius stacesmithi	0	1
Medon apicalis	15	18
Proteinus collaris	16	22
Leptusa norvegica	0	0
Philonthus gracilior	0	1
Olophrum boreale	5	16
Placusa tacomae	5	7
Gnypeta ashei	57	62
Tachinus rufipes	1	36
Atheta cauta	3	3
Cordalia obscura	18	27
Omalium laeviusculum	2	3
Atheta nitella	0	0
Philhygra varula	0	0
Acrotona aterrima	17	16
Erichsonius inutilis	0	0
Stenus carinicollis	0	4
Bryaxis bulbifer	0	5
Dinaraea aequata	23	20
Atheta circulicollis	2	19
Bledius longulus	0	0
Bisnius cephalicus	0	1
Stenichnus poweri	0	0
Atheta benickiella	5	5
Philonthus subvirescens	4	11
Scydmoraphes sparshalli	3	2
Bledius furcatus	4	4
Oxyporus occipitalis	27	31
Lordithon niger	0	1
Lesteva monticola	4	4
Megarthrus fennicus	0	0
Astenus discopunctatus	0	6
Staphylinus caesareus	4	7
Sepedophilus lusitanicus	1	2
Tachyporus dispar	18	20
Agaricochara geniculata	0	0
Gabrius sallustius	0	0
Hesperus apicialis	0	4
Clavilispinus rufescens	0	0
Calodera lapponica	0	0
Acrotona pseudotenera	0	4
Dinothenarus pleuralis	0	1
Schistoglossa viduata	4	5
Batrisodes delaporti	0	6
Amischa bifoveolata	4	4
Philonthus crotchi	0	0
Tachyporus pusillus	6	37
Boreophilia subplana	2	3
Atheta pseudometlakatlana	7	97
Calodera nigrita	3	3
Atheta cribrata	0	1
Boreophilia caseyi	0	3
Mycetoporus glaber	0	0
Mycetoporus silvaticus	0	0
Myllaena dubia	11	11
Bledius fuscipes	0	0
Sonoma squamishorum	0	0
Omalium validum	0	0
Trigonurus crotchii	0	0
Anomognathus cuspidatus	15	15
Mycetoporus boreellus	1	1
Stenus calcaratus	0	0
Decarthron longulum	0	1
Paederus palustris	0	1
Hypnogyra gularis	0	2
Lathrobium sibiricum	0	0
Tachyporus mexicanus	7	7
Atheta capsularis	78	48
Quedius peregrinus	2	10
Stenus brunnipes	7	15
Tinotus morion	12	0
Atheta minuscula	0	0
Lypoglossa franclemonti	13	16
Schistoglossa blatchleyi	0	1
Tachinus fumipennis	52	110
Cypha ovulum	0	0
Myllaena decreta	0	0
Oxypoda annularis	19	21
Bledius talpa	9	9
Atheta crenuliventris	3	7
Tachyusa americana	0	1
Hylota ochracea	4	11
Lesteva pallipes	2	8
Platydracus immaculatus	0	0
Atheta acadiensis	0	0
Gyrophaena laetula	0	12
Bisnius nitidulus	2	0
Euplectus lapponicus	0	0
Philonthus sessor	0	0
Philonthus discoideus	11	14
Astenus linearis	0	0
Phlaeopterus rufitarsis	0	0
Euaesthetus ganglbaueri	0	0
Tetartopeus lacustris	0	1
Autalia longicornis	37	17
Pseudoxyporus quinquemaculatus	0	0
Phloeopora corticalis	8	8
Aleochara carmanah	0	0
Atheta debiloides	0	0
Dilacra vilis	0	0
Tasgius ater	1	10
Neuraphes ruthenus	0	0
Bisnius scoticus	2	6
Achenomorphus corticinus	0	14
Alevonota gracilenta	0	12
Gnypeta cavicollis	0	0
Eusphalerum longipenne	10	26
Atheta nigra	2	5
Bledius kutsae	0	0
Oxyporus stygicus	0	2
Oxypoda rufa	0	0
Oxypoda opaca	32	41
Neohypnus lineatus	0	0
Platydracus tarsalis	1	1
Heterothops quadripunctulus	3	5
Sepedophilus velocipes	0	0
Plataraea dubiosa	0	0
Tachinus rufipennis	0	0
Calodera aethiops	7	7
Atheta paracrassicornis	4	4
Atheta aeneicollis	0	6
Stenus exspectatus	0	0
Dinothenarus nigrellus	0	0
Atheta hampshirensis	4	19
Haploglossa picipennis	1	1
Gabrius toxotes	4	4
Gyrophaena manca	10	3
Sepedophilus marshami	35	39
Tachinus addendus	8	11
Oropus striatus	0	12
Bledius annularis	1	8
Coryphium arizonense	1	1
Quedius maurus	11	12
Dianous coerulescens	7	8
Calodera parviceps	0	1
Anotylus niger	0	1
Stenus bohemicus	3	5
Stenus vespertinus	0	0
Aleodorus intricatus	0	0
Aleochara rubripennis	2	7
Batrisodes adnexus	0	1
Belonuchus rufipennis	1	2
Philonthus furvus	0	3
Micropeplus smetanai	0	0
Gabrius ovaliceps	1	3
Olisthaerus substriatus	4	5
Medon laticollis	0	0
Oxyporus lateralis	0	4
Aleochara inexspectata	0	0
Bledius littoralis	0	0
Stenus brumalis	0	0
Atheta glabricula	0	0
Quedius scintillans	0	1
Homaeotarsus badius	0	1
Olophrum consimile	14	18
Reichenbachia spatulifer	2	6
Atheta botildae	0	0
Xylodromus concinnus	2	2
Trigonodemus fasciatus	0	2
Deinopteroloma pictum	0	0
Homaeotarsus bicolor	0	10
Stenus vicinoides	0	0
Aleochara brevipennis	14	15
Falagrioma thoracica	4	4
Oxypoda praecox	1	1
Ctenisodes piceus	2	9
Gnypeta saccharina	0	0
Gymnusa smetanai	0	0
Lordithon campbelli	0	0
Platystethus cornutus	13	14
Phlaeopterus elongatus	0	0
Eutheia linearis	0	0
Stenus mundulus	0	2
Gyrophaena bihamata	4	7
Euplectus elongatus	0	4
Atheta zosterae	0	3
Stenus alpicola	0	0
Atheta contristata	0	1
Sunius rugithorax	0	0
Mycetoporus pachyraphis	1	1
Reichenbachia kapones	0	0
Boreophilia davidgei	0	3
Orus distinctus	0	0
Ochthephilus rosenhaueri	0	0
Omalium algarum	0	0
Stenichnus badius	0	0
Gyrophaena joyioides	12	18
Mycetoporus rufohumeralis	5	17
Leptusa carolinensis	3	11
Erichsonius parcus	0	2
Atheta nearctica	0	3
Euaesthetus floridae	0	0
Eusphalerum torquatum	0	5
Philhygra malleoides	2	12
Thinobius teres	0	0
Lomechusoides strumosus	0	0
Quedius fellmani	15	19
Anthobium clarkae	0	0
Gabrius femoralis	0	0
Philonthus pseudovarians	0	1
Oxypoda canadensis	0	3
Dinaraea backusensis	0	0
Lomechusoides sibiricus	0	0
Anotylus mutator	0	10
Gabrius hippisleyae	0	1
Euconnus pragensis	0	0
Oxypoda elongatula	6	8
Philonthus kiautschauensis	0	0
Goniusa caseyi	0	0
Stenus providus	9	11
Bisnius friebi	0	0
Anthophagus caraboides	8	18
Atheta fallaciosa	4	6
Aleochara fumata	10	16
Mycetoporus clavicornis	3	3
Stenus altaicus	0	0
Erichsonius cinerascens	20	22
Oxypoda famula	0	0
Bledius monstratus	0	2
Quedius manitobensis	0	1
Falagria dissecta	0	7
Trichiusa columbica	0	0
Atheta mahleri	0	0
Tachyusa obsoleta	0	0
Platystethus nitens	12	50
Tachyporus borealis	10	15
Baeocera congener	0	1
Anotylus sobrinus	0	1
Aleochara sekanai	2	2
Thinobius procerus	0	0
Diglotta mersa	4	3
Coprophilus sexualis	0	0
Orus punctatus	0	1
Medon brunneus	14	15
Pseudolathra famelica	0	0
Myllaena procidua	0	2
Neobisnius occidentoides	0	1
Anotylus insignitus	0	0
Gyrophaena michigana	0	4
Philonthus rubripennis	12	13
Schistoglossa aubei	3	3
Phyllodrepa strigipennis	1	2
Neohypnus picipennis	0	0
Schistoglossa bergvalli	0	0
Myrmoecia lauta	0	0
Tachinus dilatatus	0	0
Atheta occulta	2	2
Quedius lanei	0	0
Aleochara maculata	0	0
Acrostiba borealis	0	3
Stenus annularis	1	4
Porrhodites fenestralis	1	2
Beeria nematocera	1	1
Lordithon notabilis	0	0
Callicerus rigidicornis	2	3
Oxytelus fulvipes	0	2
Paederidus ruficollis	5	12
Bisnius blandus	31	53
Oxytelus nimius	0	5
Xantholinus audrasi	0	1
Scopaeus notangulus	0	0
Bledius subterraneus	8	9
Aleochara pernigra	0	0
Quedius limbifer	0	0
Myllaena cuneata	0	2
Batrisodes buqueti	0	0
Atheta venti	0	0
Cypha crotchii	0	0
Atheta munsteri	2	1
Cephalocousya nivicola	2	2
Philhygra leechi	0	6
Lithocharodes longicollis	1	26
Aleochara grisea	0	7
Philonthus caucasicus	0	1
Euconnus optatus	0	0
Quedius semiaeneus	3	6
Lathrobium frustum	0	0
Amarochara brevios	4	4
Oxypoda vancouveri	2	3
Sepedophilus bipunctatus	13	13
Myllaena ludificans	3	5
Gyrophaena rousi	0	0
Deinopsis harringtoni	0	3
Amauronyx maerkelii	0	0
Foveoscapha terracola	1	1
Dexiogyia angustiventris	0	5
Bledius lativentris	0	0
Philhygra falcifera	0	0
Quedius nemoralis	0	2
Bledius semiferrugineus	5	5
Gyrophaena williamsi	3	3
Bledius basalis	0	0
Quedius griffinae	0	1
Atheta pratensis	0	0
Acrolocha pliginskii	9	9
Tetartopeus convolutus	0	1
Haida callosa	0	0
Liogluta granulosa	1	8
Agaricochara latissima	0	10
Borboropora kraatzii	0	0
Lathrobium inhibitum	0	0
Ocypus fuscatus	5	5
Atheta harwoodi	0	2
Lathrobium othioides	1	2
Quedius umbrinus	6	64
Autalia impressa	0	3
Aleochara moesta	0	3
Cypha norvegica	0	0
Thinobius alaskanus	0	0
Atheta mortuorum	0	2
Liogluta constricta	0	0
Carpelimus bilineatus	24	25
Stenichnus bicolor	12	14
Tachyporus canadensis	0	7
Carpelimus gracilis	14	15
Haploglossa gentilis	2	3
Scydmoraphes helvolus	5	4
Amarochara forticornis	0	7
Cylletron nivale	2	2
Stenus bifoveolatus	21	26
Atheta vicaria	0	0
Euconnus novellus	0	0
Sepedophilus wickhami	0	0
Philonthus gaudens	0	0
Parabolitobius formosus	0	0
Geodromicus longipes	2	2
Neuraphes talparum	0	1
Euconnus campestris	0	0
Saulcyella schmidtii	0	0
Trigonodemus striatus	0	5
Mycetoporus niger	3	3
Mycetoporus rugosus	1	12
Aleochara haemoptera	0	6
Erichsonius rosellus	0	1
Sepedophilus versicolor	0	9
Leptoplectus spinolae	3	3
Stenus ochropus	7	9
Quedius microps	5	7
Oxypoda perexilis	0	1
Xestolinus abdominalis	0	1
Bisnius pugetensis	0	2
Atheta janssoni	0	0
Dropephylla koltzei	0	3
Homalota nigricans	0	0
Adranes taylori	0	1
Bledius baudii	0	0
Stenus intermedius	3	7
Sepedophilus basalis	0	3
Stenus pterobrachys	0	4
Goniusa carrorum	0	0
Quedius explanatus	0	0
Lordithon longiceps	1	5
Baeocera inexspectata	0	0
Atheta monticola	0	5
Megarthrus pecki	0	0
Leptusa pulchella	18	14
Ocypus nitens	16	16
Stenus ageus	0	2
Gnypeta crebrepunctata	0	0
Manda mandibularis	3	3
Acrotona parens	0	10
Mocyta orphana	0	0
Myllaena arcana	6	16
Lathrobium simile	6	56
Subhaida ingrata	0	0
Stamnoderus monstrosus	0	0
Stenus labilis	4	5
Oxypoda soror	3	5
Tachyporus ornatus	0	1
Atheta taxiceroides	0	1
Atheta procera	0	12
Bolitobius castaneus	3	5
Gabrius punctatellus	0	12
Adota maritima	2	4
Anotylus clavatus	0	2
Pella loricata	5	6
Scaphisoma commune	3	4
Platyusa sonomae	0	0
Paederus riparius	21	25
Philonthus grandicollis	0	1
Aloconota currax	0	14
Oxypoda vittata	8	10
Boreostiba lagunae	0	0
Eucnecosum brachypterum	15	14
Lathrobium dimidiatipenne	0	0
Cafius mutatus	0	1
Atheta depressicollis	2	4
Atheta subrugosa	0	0
Phloeopora oregona	0	0
Atheta brunneipennis	13	2
Tomoglossa luteicornis	0	0
Alevonota rufotestacea	0	1
Bibloporus bicanalis	0	0
Atheta boleticola	0	0
Astenus procerus	4	4
Oxypoda uhligi	0	0
Philonthus confinis	0	0
Astenus lyonessius	0	2
Medon guppyi	0	0
Aploderus caesus	0	0
Philonthus cochleatus	0	0
Stenus bilineatus	4	8
Micropeplus hoogendorni	0	0
Geostiba appalachigena	0	1
Oligota pusillima	8	8
Atheta malleoides	0	0
Boreophilia ovalis	0	1
Atheta struyvei	0	2
Bryophacis canadensis	0	0
Lathrobium leconteanum	0	0
Atheta divisa	0	0
Liogluta microptera	5	7
Atheta picipennoides	0	0
Arpedium cribratum	0	13
Phlaeopterus filicornis	0	0
Bolitobius kremeri	0	0
Tachinus frigidus	0	12
Pella glooscapi	0	1
Bledius emarginatus	0	1
Atheta laevicollis	0	0
Stenus pluto	0	1
Neohypnus hamatus	0	1
Euconnus maklinii	0	4
Xantholinus linearis	55	71
Oxypoda longipes	3	3
Empelus brunnipennis	3	3
Philhygra sinuipennis	0	4
Boreophilia insecuta	0	0
Stenus biguttatus	8	9
Pycnoplectus congener	0	0
Bisnius sordidus	12	22
Atheta particula	0	4
Platystethus nodifrons	1	2
Gabrius astutus	0	0
Plataraea brunnea	0	2
Acruliopsis tumidula	2	3
Bisnius siegwaldii	0	7
Pseudolathra dimidiata	0	0
Bledius vilis	3	3
Acidota crenata	16	25
Baeocera deflexa	0	5
Coprophilus schubertii	0	0
Hypomedon debilicornis	2	9
Atheta regissalmonis	0	0
Micropeplus brunneus	1	1
Atheta pseudolaevicollis	0	0
Placusa vaga	4	6
Quedius breviceps	0	3
Olophrum piceum	12	17
Phlaeopterus occidentalis	0	0
Stenus kiesenwetteri	3	3
Atheta terranovae	0	101
Stenus punctatus	1	1
Tachinus contortus	0	1
Atheta sundti	0	0
Carpelimus rivularis	13	13
Tetartopeus quadratus	7	0
Eusphalerum grayae	0	0
Liogluta gigantea	0	0
Rugilus geniculatus	1	4
Cousya longitarsis	0	0
Tachyporus terminalis	0	0
Medon ctenophorum	0	0
Liogluta vasta	0	0
Carpelimus modestus	0	0
Trichophya pilicornis	24	24
Medon quadratus	0	0
Cypha punctum	0	0
Atheta heymesi	0	0
Euconnus rutilipennis	9	9
Bledius fumatus	0	0
Anthobium sinuosum	0	0
Rugilus orbiculatus	22	24
Mycetoporus despectus	0	0
Acrotona exigua	0	0
Philonthus monaeses	7	15
Dropephylla heeri	0	0
Omalium plagiatum	0	0
Bryoporus rufescens	3	9
Oligota parva	17	22
Eusphalerum fenyesi	2	2
Pseudoplectus perplexus	0	0
Mycetoporus forticornis	0	0
Euplectus longicollis	0	0
Eucnecosum brunnescens	35	44
Gyrophaena lucidula	0	0
Bledius erraticus	17	17
Calodera rufescens	2	1
Zyras humeralis	0	0
Stenus sibiricus	0	9
Heterothops minor	0	5
Carpelimus despectus	3	3
Atheta palustris	18	1
Unamis fulvipes	0	0
Proteinus acadiensis	0	0
Acrotona convergens	1	1
Quedius molochinus	10	14
Stenus shoshonis	0	0
Platydracus latebricola	4	4
Tachinus basalis	1	22
Aleochara ruficornis	0	0
Bibloplectus minutissimus	4	8
Haploglossa marginalis	8	8
Aleochara castaneipennis	33	33
Bledius analis	0	1
Acrotona sequestralis	0	0
Bledius neglectus	0	0
Othius subuliformis	32	5
Pinophilus latipes	5	17
Phlaeopterus smetanai	0	0
Sepedophilus frosti	0	1
Lathrobium exesum	0	0
Trimium brevicorne	17	18
Cypha tarsalis	3	3
Hydrosmecta borealis	0	0
Stenus curtus	0	0
Atheta laticollis	21	23
Atheta triangulum	0	10
Tasgius melanarius	27	48
Atheta macrocera	0	8
Calodera riparia	1	1
Micrearota vestigialis	0	0
Oxypoda subpolaris	1	1
Bledius foraminosus	0	0
Bledius habrus	0	0
Alianta incana	0	9
Phlaeopterus castaneus	1	4
Decarthron inusitatum	0	0
Oxyporus aequicollis	0	0
Atheta picipennis	5	3
Stenichnus turbatus	0	0
Oxytelus assingi	2	2
Atheta laticeps	2	2
Parocyusa americana	0	0
Dinaraea linearis	4	4
Bledius bernhaueri	0	0
Stenus audax	0	0
Mycetoporus horni	0	5
Bisnius albionicus	0	0
Stenus ampliventris	0	0
Liparocephalus cordicollis	5	5
Acrolocha diffusa	6	7
Philonthus fulcinius	0	0
Acrotona subpygmaea	0	2
Thiasophila lohsei	0	0
Atheta modesta	19	40
Quedius simplex	0	1
Lathrobium shoshonicum	0	0
Gyrophaena meduxnekeagensis	0	1
Gabrius lividipes	0	0
Myrmedonota aidani	1	4
Pseudomedon capitulus	0	0
Aleochara signata	0	1
Silusa californica	3	19
Tachyporus inornatus	0	0
Philonthus ebeninus	0	0
Bledius tibialis	2	2
Schistoglossa drusilloides	0	0
Platystethus degener	1	21
Platydracus maculosus	0	7
Philonthus quadrulus	0	0
Stenus tarsalis	11	16
Omalium septentrionis	2	2
Atheta lativentris	0	0
Aleochara curtula	19	25
Oxybleptes kiteleyi	0	53
Xantholinus longiventris	17	19
Bledius ruficornis	0	0
Phyllodrepa humilis	0	0
Arpedium tenue	0	0
Quedius boopoides	7	7
Omalium quadripenne	0	0
Philonthus varians	22	32
Lordithon bimaculatus	8	2
Phloeonomus laesicollis	6	25
Sunius quadripennis	0	0
Atheta varula	0	0
Phyllodrepoidea crenata	5	3
Batrisodes denticauda	0	0
Platydracus praetermissus	0	0
Tachyusa balteata	1	1
Ctenisodes lacustris	0	0
Ischnosoma longicorne	4	4
Amphichroum maculatum	6	10
Bisnius fimetarius	7	31
Gabrius amulius	0	0
Philonthus piceatus	0	0
Fagniezia impressa	13	13
Quedius puncticollis	0	0
Quedius horni	0	1
Stenus fornicatus	5	5
Euconnus affinis	0	0
Atheta corvina	14	14
Erichsonius pusio	0	3
Bibloplectus tenebrosus	0	2
Philonthus opacipennis	0	3
Thoracophorus costalis	0	7
Atheta vincenti	0	0
Philhygra pseudoterminalis	1	8
Ischnopoda leucopus	5	5
Philonthus leechensis	0	1
Othius punctulatus	23	23
Bledius bicornis	1	0
Atheta finita	0	0
Atrecus pilicornis	6	7
Dinothenarus sibiricus	0	0
Lathrobium tenue	0	0
Stenus glabellus	0	0
Baeocera indistincta	0	0
Xantholinus tricolor	13	14
Tachinus limbatus	10	11
Gnypeta nigrella	1	1
Gyrophaena californica	0	0
Bledius politus	0	1
Tachinus schwarzi	0	2
Quedius xanthopus	8	19
Atheta vaga	18	9
Cyphea curtula	1	2
Oxypoda volkeri	0	1
Gnathusa eva	0	1
Boreostiba frigida	1	6
Xylodromus testaceus	1	1
Bolitopunctus muricatulus	0	3
Stenus sculptilis	0	4
Stenus palustris	8	11
Gyrophaena geniculata	0	0
Atheta hygrotopora	0	17
Anthobium occiduum	0	0
Stenus fasciculatus	0	4
Carpelimus elongatulus	29	31
Reichenbachia gracilis	0	0
Philonthus duplicatus	0	0
Actium fastosum	0	0
Decarthron defectum	0	0
Tachinus elegans	4	4
Atheta remulsa	2	6
Microscydmus nanus	1	1
Kalissus nitidus	1	1
Orus dentiger	0	5
Liogluta nitens	67	70
Boreostiba thulea	0	0
Unamis columbiensis	0	1
Carcinocephalus exsculpta	0	5
Anotylus tetratoma	0	0
Aleochara laevigata	3	3
Gyrophaena simulans	2	2
Philhygra manitobae	0	0
Pseudomedon obsoletus	1	1
Megarthrus prosseni	5	0
Bledius assimilis	0	1
Dropephylla longula	2	4
Tachinus bicuspidatus	0	0
Atheta strandiella	3	3
Atheta spatuloides	0	4
Trichomicra sahlbergiana	0	1
Tachyporus pacificus	0	0
Atheta cribripennis	0	3
Atheta fungivora	0	1
Pseudohaida rothi	0	4
Stenus morio	5	9
Euplectus sanguineus	0	0
Oxypoda grandipennis	49	0
Stenus kryzhanovskii	0	0
Atheta palleola	0	0
Stenus mammops	4	9
Leptacinus batychrus	1	5
Proteinus macropterus	0	0
Pella criddlei	0	0
Brachygluta intricata	0	0
Atheta ischnocera	0	3
Omalium caesum	6	10
Quedius divergens	0	0
Megarthrus depressus	19	8
Acrotona obfuscata	5	8
Dinaraea pacei	3	9
Sepedophilus pedicularius	5	7
Stenus dolosus	1	1
Leptusa pseudopaca	3	7
Bisnius inquietus	0	0
Stenus exploratus	0	4
Ochthephilum fracticorne	20	27
Scopaeus laevigatus	20	20
Astenus gracilis	11	11
Aloconota neocambrica	0	0
Eusphalerum sorbicola	1	1
Boreophilia manitobensis	0	0
Oxytelus pensylvanicus	0	1
Euplectus brunneus	2	2
Eusphalerum californicum	0	0
Oxypoda pseudoconvergens	4	36
Tachinus punctipennis	0	0
Stenus opticus	0	3
Reichenbachia albionica	0	0
Tachyusa americanoides	0	0
Philonthus transbaicalia	0	0
Euryusa castanoptera	11	11
Boreophilia herschelensis	0	0
Quedius spelaeus	0	1
Anthobium atrocephalum	32	36
Stenus nigritulus	1	2
Tachinus bipustulatus	6	6
Gnypeta canadensis	0	0
Atheta stercoris	5	4
Lobrathium subseriatum	0	3
Cypha pulicaria	0	0
Bledius zophus	0	0
Orobanus rufipes	0	0
Phyllodrepa caseyi	0	0
Enalodroma hepatica	0	0
Placusa complanata	0	1
Pseudopsis subulata	0	3
Strigota obscurata	19	50
Parabolitobius inclinans	3	0
Quedius altaicus	0	0
Olophrum assimile	8	8
Parocyusa fuliginosa	0	0
Myllaena masoni	0	0
Atheta riparia	1	4
Philonthus stictus	0	1
Scopaeus minutus	0	0
Liogluta trapezicollis	5	5
Trichiusa robustula	0	19
Aloconota strandi	0	0
Stenus nitens	13	12
Geodromicus brunneus	0	0
Tachinus splendens	0	0
Bryobiota bicolor	0	0
Lathrobium puncticolle	0	0
Atheta britanniae	0	5
Parocalea pseudobaicalica	0	7
Philonthus fusiformis	0	0
Omalium allardii	0	0
Coprophilus striatulus	11	14
Oxypoda stanleyi	0	1
Philonthus fumarius	6	6
Atheta novaescotiae	0	1
Thinusa fletcheri	0	1
Stenus fulvicornis	6	10
Bolitochara tecta	0	0
Tachinus thruppi	0	1
Atheta alesi	2	3
Silusa alternans	1	3
Carpelimus zealandicus	2	2
Aloconota cambrica	9	13
Philonthus latiusculus	0	0
Neuraphes elongatulus	13	15
Bledius washingtonensis	0	0
Hoplandria klimaszewskii	0	4
Ischnoglossa prolixa	5	5
Scaphisoma boreale	0	0
Atheta pseudoklagesi	0	29
Cafius canescens	7	8
Philonthus nigrita	5	6
Stenus formicetorum	3	6
Stenus impressus	0	21
Carpelimus vancouverensis	0	0
Philhygra luridipennis	1	2
Tyrus corticinus	0	0
Oxypoda nigriceps	0	0
Ilyobates nigricollis	2	1
Parothius californicus	1	1
Atheta aquatilis	0	0
Oxypoda lucens	0	0
Proteinus pseudothomasi	0	15
Bisnius puella	3	4
Neobolitobius varians	0	0
Cypha apicalis	0	0
Anotylus rugulosus	0	0
Lophioderus similis	0	0
Tmesiphorus carinatus	0	0
Quedius invreae	2	5
Philonthus micans	13	15
Aleochara inexpectata	0	8
Atheta cursor	0	0
Gabrius splendidulus	20	24
Dropephylla ioptera	10	14
Heterothops conformis	0	0
Tachyporus atriceps	98	107
Strigota ambigua	5	6
Tasgius pedator	0	1
Euconnus pumilus	0	0
Stenus strangulatus	0	1
Euplectus bescidicus	0	0
Euconnus lecontei	0	0
Ousipalia caesula	1	1
Philonthus salinus	1	1
Tachyporus lecontei	0	1
Oxytelus laqueatus	34	45
Ischnosoma flavicolle	0	0
Gyrophaena nana	3	25
Silusa opaca	1	1
Cyphea wallisi	1	4
Erichsonius fraterculus	0	0
Syntomium aeneum	14	15
Atheta donnellyana	0	0
Atheta borealis	0	2
Gyrophaena fuscicollis	0	1
Lomechusa paradoxa	0	0
Phlaeopterus cavicollis	3	5
Atheta pfaundleri	0	0
Cafius bistriatus	0	18
Eurylophus grandiceps	0	0
Tachinus quebecensis	37	42
Staphylinus ornaticauda	0	0
Philonthus sphagnorum	0	0
Rugilus angularis	0	0
Ochthephilus columbiensis	0	0
Proteinus densipennis	0	0
Stenus occidentalis	1	5
Carpelimus subtilis	9	9
Batrisodes scabriceps	0	10
Philhygra pseudolarsoni	0	4
Clusiota antennalis	0	2
Tachyporus jocosus	9	13
Atheta botanicarum	0	0
Acrotona pilosicollis	1	1
Unamis kootenayensis	0	0
Philhygra pseudopolaris	16	18
Mycetoporus inquisitus	0	1
Atheta pandionis	0	2
Tetartopeus sphagnetorum	2	2
Atheta europaea	0	4
Philonthus punctus	6	6
Atheta pseudodistricta	0	0
Lathrobium amplipenne	0	0
Pselaphus bellax	1	7
Philhygra botanicarum	3	6
Isoglossa agnita	0	0
Sepedophilus nigripennis	0	2
Scydmaenus tarsatus	6	7
Phloeopora canadensis	2	4
Atheta britteni	5	6
Gyrophaena nitidula	0	0
Scopaeus brunnipes	0	0
Atheta frosti	2	5
Oxypoda chantali	0	0
Stenus colon	0	0
Bledius poppiusi	7	7
Holobus flavicornis	5	12
Tachyporus ruficollis	11	6
Scydmaenus perrisi	1	0
Paragoniusa myrmicae	0	0
Geodromicus rufipennis	0	0
Tachinus instabilis	0	1
Stenus maritimus	0	3
Proteinus atomarius	3	3
Ischnosoma virginicum	1	6
Phlaeopterus fusconiger	2	3
Falagria sulcatula	8	8
Medon truncatus	0	0
Tachyporus pulchrus	0	0
Oxytelus montanus	1	2
Pella schmitti	0	0
Stenus alopex	0	0
Tychus normandi	0	0
Lypoglossa lateralis	8	8
Aleochara litoralis	0	11
Stenus lugens	0	0
Tetartopeus angularis	0	0
Holobus apicatus	12	9
Atheta martini	0	0
Emus hirtus	0	1
Tetartopeus furvulus	0	7
Anthobium unicolor	0	19
Stenus pinguis	0	0
Megarthrus hemipterus	0	0
Amischa andreasi	0	0
Atheta brachyptera	0	0
Leptusa jucunda	0	5
Pseudolathra lineiformis	0	0
Tachyusa coarctata	6	6
Tarphiota fucicola	4	7
Brachycepsis rothi	0	0
Oxypoda hiemalis	1	3
Gnypeta ripicola	4	4
Aleochara assiniboin	0	0
Mitosynum vockerothi	0	0
Stethusa klimschi	0	0
Tachyusa faceta	0	0
Stenichnus collaris	23	25
Oxytelus incisus	1	2
Quedius fulvicollis	8	9
Philonthus perversus	0	0
Deliphrum tectum	3	3
Oxypoda regressa	0	0
Carpelimus poppiusi	0	0
Stenus guttula	12	16
Philonthus micantoides	2	3
Dinothenarus saphyrinus	0	1
Bisnius versutus	0	2
Anotylus rugosus	41	54
Halobrecta flavipes	0	1
Eusphalerum subsolanum	0	0
Pseudomedon obscurellus	4	4
Euaesthetus iripennis	0	2
Bobitobus fungicola	0	0
Atheta brumalis	0	10
Phloeonomus pusillus	8	8
Sunius bicolor	1	1
Neuraphes coronatus	1	1
Gyrophaena compacta	0	0
Aleochara brundini	0	6
Oxypoda impressa	0	0
Carpelimus halophilus	12	12
Megarthrus angulicollis	1	23
Stenus pallipes	9	9
Homaeotarsus pallipes	0	7
Stenus ruralis	2	4
Acrotona pygmaea	4	4
Platydracus mysticus	8	11
Euaesthetus dybasi	0	0
Cypha aprilis	0	0
Cypha discoidea	4	4
Philonthus caeruleipennis	72	131
Atheta larsoni	0	0
Gyrophaena poweri	1	1
Stenus vicinus	0	0
Medon castaneus	0	0
Philonthus turbo	0	0
Carpelimus fuliginosus	7	7
Atheta pseudopolaris	0	0
Aleochara punctatella	0	3
Gyrophaena fasciata	12	14
Batrisodes striatus	0	1
Habrocerus schwarzi	0	4
Phlaeopterus obsoletus	0	0
Quedius mesomelinus	26	31
Microedus rogersi	0	0
Reichenbachia scabra	0	0
Coproporus immigrans	3	4
Gnypeta uteana	0	0
Phyllodrepa nigra	11	12
Atheta hypnorum	5	6
Erichsonius civicus	0	0
Nitidotachinus horni	0	1
Amischa analis	62	37
Neuraphes angulatus	12	16
Tachyporus chrysomelinus	69	17
Callicerus obscurus	5	8
Geodromicus integer	0	2
Platydracus stercorarius	17	17
Stenus nanus	1	4
Liogluta quadricollis	0	22
Lesteva longoelytrata	24	26
Atrecus affinis	0	24
Proteinus limbatus	0	13
Rabigus pullus	0	0
Stenus paululus	0	0
Hygronoma dimidiata	5	6
Myllaena audax	2	2
Aleochara lata	6	12
Lomechusoides inflatus	0	0
Chanoma vorbringeri	0	0
Philonthus nitidus	7	9
Philonthus succicola	13	19
Sonoma olycalida	0	0
Platydracus rutilicauda	0	0
Placusa canadensis	0	6
Atheta criddlei	0	0
Philonthus rufipes	0	0
Gyrophaena gentilis	7	12
Philonthus albipes	14	19
Lesteva punctata	8	9
Atheta setigera	0	9
Gabronthus sulcifrons	2	4
Philonthus parvicornis	0	0
Acylophorus caseyi	0	5
Atheta campbelli	1	0
Atheta cadaverina	0	3
Gabrius tirolensis	1	1
Atheta complana	0	0
Stenus coarcticollis	0	0
Stenus ellipticus	0	1
Bisnius instabilis	0	0
Aleochara diversa	0	0
Stenus pusillus	3	5
Acylophorus glaberrimus	0	0
Staphylinus dimidiaticornis	0	1
Atheta quadrangularis	0	0
Cyphea latiuscula	0	0
Tachinus bernhaueri	0	0
Atheta castanoptera	4	3
Philonthus spiniformis	1	6
Micropeplus porcatus	3	3
Stenus erythropus	0	2
Autalia truncatula	9	9
Tachyporus nimbicola	0	2
Gyrophaena gaudens	0	13
Holotrochus laevicauda	0	0
Mycetoporus baudueri	0	0
Neuraphes plicicollis	0	0
Quedius criddlei	24	36
Oxypoda pseudolacustris	4	7
Atheta liliputana	0	0
Deinopsis erosa	5	7
Bibloplectus ruficeps	0	0
Syntomium confragosum	0	1
Lobrathium impressimum	0	0
Amphichroum maculicolle	0	0
Scopaeus carolinae	0	0
Ocyusa canadensis	0	4
Philonthus claudus	0	0
Reichenbachia puncticollis	0	0
Philonthus politus	22	26
Oxypoda procerula	6	7
Charhyphus picipennis	0	4
Stenus hyperboreus	2	4
Bisnius palmi	0	1
Bryophacis biseriatus	0	3
Tachinus picipes	2	4
Acylophorus alternans	0	0
Philonthus viridipennis	0	0
Medon insularis	0	0
Atheta subsinuata	1	1
Carpelimus pusillus	22	29
Lathrobium fulvipenne	19	20
Lathrobium sparsellum	0	1
Devia prospera	25	31
Bisnius spermophili	0	0
Boreophilia gelida	0	0
Stenichnus subseriatus	0	0
Stenus latifrons	16	19
Euryporus picipes	1	3
Stenus stygicus	4	9
Myllaena infuscata	3	8
Aloconota eichhoffi	0	0
Placusa pseudosuecica	0	4
Philonthus kaszabi	0	2
Anotylus complanatus	0	8
Eusphalerum sorbi	13	38
Stenus pumilio	5	6
Meronera venustula	25	62
Sepedophilus scriptus	0	7
Philonthus tillius	0	0
Pella lugens	13	0
Stenus egenus	0	5
Stenus solutus	12	14
Atheta relicta	0	0
Amarochara inquilina	0	0
Philonthus schwarzi	0	5
Pselaphus heisei	19	19
Rybaxis transversa	0	2
Heterothops binotatus	0	0
Plectophloeus nitidus	11	14
Tachyporus maculicollis	0	1
Mannerheimia brevipennis	0	0
Atheta oreophila	0	0
Scaphium castanipes	3	5
Stenus retrusus	0	0
Bolitobius cingulatus	9	14
Anthobium melanocephalum	7	8
Nitidotachinus lanei	0	0
Eusphalerum sibiricum	0	0
Stenus cautus	1	0
Atheta cadeti	0	0
Boreophilia nearctica	2	2
Philonthus janus	0	0
Platydracus violaceus	0	17
Linohesperus subhamatus	0	0
Eutheia morae	0	0
Reichenbachia insolita	0	1
Anthophagus omalinus	12	38
Encephalus americanus	0	0
Omalium strigicolle	3	3
Stenus melanarius	8	16
Ocypus aeneocephalus	2	3
Philhygra wisconsinica	0	0
Lathrobium quadratum	0	7
Lordithon appalachianus	17	22
Gabrius expectatus	1	0
Tachyporus tersus	0	1
Lathrobium spissicorne	0	1
Decarthron laurenticum	0	1
Amarochara fenyesi	0	0
Stenus kolbei	0	0
Parocyusa crebrepunctata	0	0
Stenus nitidiusculus	7	13
Atheta nigritula	0	2
Sepedophilus littoreus	26	32
Atheta incognita	0	22
Myllaena potawatomi	0	0
Quedius elevatus	0	0
Stenus insularis	0	2
Atheta nescia	13	15
Liogluta nigropolita	4	8
Philonthus sericans	8	23
Atheta canescens	0	0
Liparocephalus humblei	0	0
Brathinus varicornis	0	1
Aleochara parvicornis	0	0
Euconnus comptus	0	0
Bisnius longicollis	0	0
Diaulota densissima	1	3
Orus parallelus	0	0
Bledius longipennis	0	0
Geodromicus fauveli	0	0
Euryusa optabilis	13	16
Stenus austini	0	7
Micropeplus laevipennis	0	0
Lordithon lunulatus	16	16
Othius lapidicola	3	3
Nudobius pugetanus	0	1
Cephennium thoracicum	8	8
Staphylinus erythropterus	8	8
Mycetoporus eppelsheimianus	1	1
Stenus comma	17	26
Lathrobium shermani	0	0
Aloconota longicollis	0	2
Aleochara intricata	17	19
Anthobium fimetarium	1	1
Aloconota insecta	0	8
Thamiaraea cinnamomea	4	5
Mycetoporus debilis	0	0
Actium retractum	2	3
Pelecomalium testaceum	15	23
Scaphisoma limbatum	0	0
Heterota plumbea	0	1
Omalonomus relictus	0	1
Atheta metlakatlana	2	5
Atheta deformis	0	2
Neotobia alberta	0	0
Decarthron stigmosum	0	0
Cafius sericeus	1	1
Silusa rubra	0	0
Pella funesta	0	0
Stenus vexatus	0	1
Stenus scabriculus	1	1
Rhopalocerina clavigera	0	0
Aleochara sparsa	0	17
Lophioderus myops	0	0
Eusphalerum lapponicum	2	3
Aleochara obscurella	0	5
Bledius rugosulus	0	0
Oxypoda inimica	0	0
Quedius limbatus	10	12
Philonthus debilis	9	13
Stenus semiputatus	0	0
Adota gnypetoides	1	4
Proteinus hyperboreus	0	0
Stenus angustus	0	0
Lordithon cinctus	8	26
Siagonium americanum	0	0
Platydracus cinnamopterus	8	17
Lesteva sicula	9	9
Quedionuchus longipennis	16	0
Stenus alveolatus	0	0
Amischa sahlbergi	0	0
Atheta lioglutoides	0	0
Boreophilia latifemorata	0	0
Bledius tenenbaumi 	0	0
Platydracus tomentosus	1	3
Atheta excelsa	0	2
Reichenbachia cylindrarta	0	1
Lathrobium tenebrosum	0	0
Thinobius brevipennis	0	0
Stenus permundus	0	0
Atheta grisea	0	0
Philonthus atratus	7	8
Tachinus schneideri	1	1
Ramecia crinita	0	0
Gyrophaena gracilis	0	1
Aleochara gaudiuscula	0	0
Quedius brunnipennis	9	17
Baeocera youngi	1	2
Quedius oculeus	0	2
Omalium foraminosum	6	33
Philhygra rostrifera	0	12
Anotylus sculpturatus	9	8
Quedius tahomae	0	0
Gabrius osseticus	12	14
Anaquedius vernix	2	5
Stenus baicalensis	0	0
Philonthus thoracicus	3	10
Carpelimus schneideri	0	0
Euthiconus conicicollis	0	0
Atheta surgens	0	0
Brachygluta arguta	0	0
Tetrascapha dentata	0	0
Bisnius quediinus	0	1
Acrotona troglodita	0	0
Aleochara bipustulata	17	18
Stenus geniculatus	6	2
Scydmaenus rufus	13	14
Bibloporus minutus	4	5
Amischa tersa	0	0
Lordithon axillaris	0	0
Neobisnius paederoides	0	0
Xylodromus suteri	0	0
Ischnosoma bergrothi	0	0
Stenus intrusus	0	0
Quedius vulneratus	0	0
Boreophilia vega	3	4
Notothecta confusa	0	0
Bryaxis curtisii	1	3
Acrotona smithi	0	1
Euplectus decipiens	0	0
Platystethus americanus	0	1
Deleaster concolor	0	0
Quedius pellax	0	0
Sonoma cascadia	0	6
Boreophilia fusca	2	2
Anotylus placusinus	0	0
Baeocera nana	0	0
Oxypoda nimbata	0	4
Scaphisoma lacustre	0	0
Sunius peregrinus	0	0
Scaphisoma subalpinum	6	6
Megarthrus sinuatocollis	0	17
Dalmosella tenuis	0	0
Neobisnius sobrinus	0	7
Myllaena elongata	4	5
Atheta intermedia	0	5
Euplectus infirmus	7	7
Philonthus furcifer	0	0
Stenus binotatus	14	15
Stenus vinnulus	0	2
Batrisodes albionicus	0	2
Amischa setifera	0	0
Ocypus olens	24	35
Aleochara laramiensis	0	0
Stenus cicindeloides	22	25
Proteinus basalis	0	8
Homaeotarsus californicus	0	0
Philonthus tenuicornis	17	17
Atheta glabriculoides	0	0
Stenus parallelopipedus	0	2
Phloeonomus suffusus	2	2
Coryphium nigrum	0	0
Quedius incisus	6	9
Reichenbachia macho	0	0
Carpelimus lindrothi	18	7
Tachyporus obscurellus	0	0
Neobisnius senilis	1	5
Atheta lippa	0	3
Lophioderus biformis	0	1
Euconnus clavipes	0	0
Crataraea suturalis	12	14
Micropeplus browni	1	1
Gymnusa pseudovariegata	4	12
Philonthus chalceus	0	0
Carpelimus manchuricus	0	0
Bibloporus ultimus	2	2
Bledius nanus	0	5
Actizona trifoveata	0	4
Euconnus ventralis	0	0
Cypha longicornis	6	8
Stenus longitarsis	0	0
Reichenbachia fusticornis	0	0
Stictolinus flavipes	3	5
Euaesthetus pugetensis	0	0
Orochares angustatus	0	0
Gabrius shulli	0	0
Boreaphilus henningianus	6	8
Philonthus umbrinoides	0	4
Hoplandria lateralis	1	2
Carpelimus corticinus	26	33
Gymnusa lindrothi	0	0
Tachinus arcticus	0	0
Atheta concessa	0	0
Pachystilicus hanhami	0	0
Placusa depressa	5	4
Lathrobium simplex	6	0
Oxyporus major	0	4
Euaesthetus laeviusculus	7	15
Acrotona sylvicola	3	3
Eusphalerum rugulosum	0	7
Lathrobium interglaciale	0	0
Sonoma grandiceps	0	1
Aloconota sulcifrons	3	5
Alianta curta	0	0
Nehemitropia lividipennis	6	9
Aleochara verna	54	63
Gabrius sphagnicola	0	0
Oxyporus kiteleyi	0	0
Aleochara moerens	6	8
Euconnus testaceipes	0	0
Ocyusa maura	10	12
Stenus ludyi	1	3
Bledius nitidicollis	0	0
Oxyporus quinquemaculatus	0	6
Philhygra jarmilae	6	15
Schistoglossa sphagnorum	0	1
Quedius terminatus	0	0
Quedius ochripennis	11	11
Schistoglossa hampshirensis	0	2
Tachyusa objecta	0	0
Stenus ogenus	0	0
Tachinus edwardi	0	0
Leptusa cribrata	0	0
Atheta angusticauda	0	0
Dacrila fallax	1	4
Atheta rurigena	0	0
Oxypoda vicina	0	3
Tachinus canadensis	0	0
Thiasophila canaliculata	0	0
Leptusa ruficollis	24	17
Gnypeta caerula	0	0
Thinusa maritima	0	2
Lathrobium dilutum	0	0
Oxypoda flavicornis	4	6
Philonthus caurinus	0	1
Aleochara inconspicua	0	6
Atheta lapponica	5	5
Eusphalerum luteum	17	24
Ochthephilum collare	4	5
Tinotus acerbus	0	0
Eusphalerum pseudaucupariae	0	0
Myrmoecia lugubris	0	0
Haploglossa villosula	8	9
Quedius montivagus	0	1
Heterothops minutus	1	2
Bledius gallicus	23	28
Myrmecocephalus gatineauensis	4	6
Philhygra angusticauda	0	12
Stenus reconditus	0	3
Oligota pumilio	12	14
Brundinia meridionalis	1	1
Oxypoda brachyptera	0	2
Falagria caesa	9	11
Haploglossa nidicola	2	2
Platystethus capito	0	1
Quedius scitus	0	9
Cilea exilis	2	2
Paederus iowensis	0	0
Oxyporus rufus	5	9
Leptacinus formicetorum	9	11
Heterothops balthasari	0	0
Deinopsis canadensis	0	0
Phloeostiba lapponica	20	168
Gabrius appendiculatus	13	17
Gyrophaena hanseni	0	0
Lathrobium geminum	10	12
Cypha inexpectata	3	16
Bisnius rainieri	0	0
Dinothenarus fossor	1	0
Arpedium quadrum	6	6
Oligota inflata	0	0
Arpedium puncticolle	0	0
Lathrobium rufipenne	9	8
Quedius meridiocarpathicus	0	0
Parothius punctatus	1	2
Philonthus palliatus	0	4
Phlaeopterus loganensis	0	1
Atheta burwelli	2	8
Stenus flavipalpis	12	17
Xylostiba monilicornis	3	3
Pycnota paradoxa	0	0
Pella limbata	2	0
Atheta pittionii	0	8
Amarochara bonnairii	0	0
Schistoglossa gemina	4	5
Liogluta turbida	0	0
Oxypoda alternans	46	23
Micropeplus fulvus	9	11
Homaeotarsus carolinus	0	1
Stenus pauperculus	0	1
Ischnosoma splendidum	48	62
Euplectus acomanus	0	2
Atheta gagatina	14	22
Coproporus ventriculus	9	15
Philonthus ferreipennis	0	2
Bisnius lautus	0	1
Aloconota coulsoni	0	0
Philhygra terrestris	0	2
Quedius balticus	0	0
Gyrophaena criddlei	0	1
Bledius omega	0	0
Cypha laeviuscula	2	2
Euplectus silvicolus	0	0
Calodera uliginosa	0	0
Tachinus marginatus	5	5
Eccoptolonthus rutiliventris	2	0
Paederus littoralis	24	24
Lordithon antennatus	0	0
Oxypoda gnara	0	0
Encephalus complicans	1	2
Bledius glaciatus	0	0
Decarthron abnorme	0	1
Boreophilia islandica	1	5
Euconnus illustris	0	0
Batrisodes hubenthali	0	0
Neohypnus emmesus	0	1
Reichenbachia juncorum	4	4
Stenus flavipes	18	19
Neobisnius lathrobioides	0	1
Mycetoporus mulsanti	2	0
Lyprocorrhe anceps	8	8
Stictalia californica	2	2
Mycetoporus rufescens	4	5
Aploderus linearis	0	0
Quedius brevis	6	8
Bibloporus bicolor	17	22
Lathrobium armatum	0	2
Pycnoplectus linearis	0	0
Acylophorus pronus	0	5
Oxypoda smithi	0	0
Lathrobium confusum	0	1
Euaesthetus mundulus	0	0
Megarthrus pictus	0	3
Sepedophilus bipustulatus	0	0
Euryusa coarctata	0	0
Leptacinus intermedius	12	19
Schistoglossa charlottae	0	1
Pachnida nigella	0	10
Bledius bosnicus	0	0
Lobrathium collare	1	7
Aploderus caelatus	7	7
Pselaphus fustifer	0	1
Pella cognata	0	0
Anthophagus angusticollis	7	8
Pseudomicrodota paganettii	0	0
Hoplandria laeviventris	0	0
Homaeotarsus pimerianus	13	2
Quedius cinctus	21	24
Stenus humboldti	0	0
Amblopusa brevipes	0	0
Orochares tumidus	0	0
Ischnopoda umbratica	1	1
Tachinus rainieri	0	0
Quedius pediculus	2	6
Atheta scapularis	0	11
Actiastes foveicollis	0	8
Micropeplus robustus	0	0
Trigonurus sharpi	0	2
Atheta curvipennis	2	2
Philonthus spinipes	8	10
Gabrius cushmani	0	0
Mycetoporus maerkelii	0	1
Tachyporus californicus	0	4
Mycetoporus pacificus	0	1
Stenus flavicornis	1	1
Aleochara thoracica	1	3
Stenus tahoensis	0	0
Dinarda maerkelii	2	2
Medon ripicola	7	7
Quedius puncticeps	0	2
Tachyporus browni	0	2
Gyrophaena dybasi	0	0
Quedius nevadensis	0	0
Atheta savardae	0	4
Atheta manitobae	0	0
Oxypoda recondita	0	3
Omalium littorale	5	7
Brachycepsis subpunctata	0	0
Bobitobus kelleyi	0	0
Scaphisoma balcanicum	3	3
Tachinus atripes	0	0
Atheta celata	8	9
Sonoma hespera	0	0
Bledius filipes	1	1
Oxypoda haemorrhoa	3	5
Pella carolinae	0	0
Geodromicus nigrita	4	4
Oxypoda exoleta	3	4
Stenus cariniceps	0	2
Oxypoda frigida	8	35
Quedius lucidulus	17	21
Atheta whitehorsensis	0	0
Aleochara tahoensis	0	8
Rugilus rufipes	42	48
Atheta laevana	18	18
Bledius atricapillus	5	0
Oxypoda induta	0	0
Placusa atrata	4	4
Stenus cribratus	0	0
Stenus columbianus	0	0
Liogluta granigera	5	5
Aleochara milleri	1	1
Quedius aenescens	0	0
Aleochara bimaculata	0	4
Nordenskioldia columbiana	0	0
Stenichnus pusillus	0	0
Stenus caenicolus	0	0
Thesium cavifrons	0	0
Atheta vestita	7	12
Philonthus boreas	4	2
Stenus sylvester	1	1
Tachyusa cavicollis	0	0
Neothetalia nimia	9	9
Machaerodes carinatus	0	0
Gyrophaena pseudocriddlei	0	1
Tachinus fimetarius	12	13
Oxypoda convergens	0	3
Lobrathium multipunctum	7	13
Remus mutatus	0	0
Atheta autumnalis	0	0
Quedius quadriceps	0	0
Parocalea nearctica	2	2
Reichenbachia congener	0	0
Ocalea rivularis	3	3
Sepedophilus opicus	2	10
Deinopsis illinoisensis	0	0
Placusa cribrata	0	0
Zoosetha incisa	0	0
Stenus lustrator	5	5
Brachygluta terebrata	0	0
Ontholestes cingulatus	86	151
Stenichnus ovipennis	0	0
Bobitobus pulchellus	0	0
Myllaena intermedia	14	15
Geodromicus stiricidii	0	0
Phyllodrepa melanocephala	5	6
Aleochara shelleyae	0	2
Astenus brevipennis	0	0
Atheta pilicornis	4	4
Boreophilia nomensis	2	6
Medon dilutus	0	0
Euconnus longiceps	0	1
Omalium excavatum	0	1
Cafius luteipennis	0	3
Gymnusa variegata	6	7
Leptoscydmus caseyi	0	0
Leptusa brevicollis	0	20
Tachyporus pallidus	6	7
Bryophacis crassicornis	0	0
Poromniusa procidua	0	0
Rugilus dentatus	0	0
Acrotona benicki	0	0
Medon fusculus	2	5
Arpedium stillicidii	0	0
Quedius paraboops	0	0
Orobanus falli	0	0
Brachyusa concolor	3	4
Tachyporus solutus	17	20
Gyrophaena boleti	18	21
Aleochara sculptiventris	2	9
Stenus leviceps	0	0
Gnypeta groenlandica	0	0
Stenus femoratus	0	1
Carpelimus congener	0	0
Lobrathium rubricolle	0	0
Quedius unicolor	0	0
Meotica pseudowinkleri	0	0
Parocyusa rubicunda	5	7
Lobrathium coloradense	1	4
Orobanus tarsalis	0	0
Rugilus angustatus	7	10
Bledius condensus	0	0
Euplectus idahoensis	0	4
Lordithon quaesitor	0	5
Seeversiella globicollis	1	19
Philonthus aurulentus	0	2
Aleochara quadrata	0	0
Bledius melanocephalus	0	0
Stictocranius mariae	0	0
Philonthus cerambus	0	0
Gabrius astutoides	0	3
Thinobius frizzelli	0	0
Tachinus nigricornis	0	3
Acrulia inflata	8	8
Hydrosmecta pseudodiosica	1	4
Philonthus archangelicus	0	0
Anotylus nitidulus	15	15
Gyrophaena keeni	2	21
Phloeopora gilbertae	0	3
Atheta subtilis	10	13
Lobrathium grande	1	8
Ocalea picata	26	25
Silusida marginella	4	10
Palporus nitidulus	0	0
Bledius crassicollis	0	0
Amphichroum floribundum	0	0
Gnypeta rubrior	0	1
Pycnoglypta campbelli	7	10
Ochthephilus omalinus	8	8
Lordithon vandykei	0	0
Rugilus similis	1	3
Bisnius crestonensis	0	0
Vellica longipennis	0	0
Gyrophaena lobata	0	3
Boreophilia eremita	6	6
Lordithon pulchellus	2	2
Carphacis nepigonensis	0	6
Reichenbachia corporalis	0	1
Diglotta sinuaticollis	0	0
Phyllodrepa melis	2	2
Trichiusa postica	0	0
Sunius propinquus	0	4
Philonthus mannerheimi	1	1
Homaeotarsus cribratus	2	6
Aleochara stichai	0	4
Laetulonthus laetulus	0	0
Euconnus fatuus	0	0
Quedius charactus	0	3
Quedius impar	0	0
Dinaraea planaris	0	0
Quedius brevicornis	14	14
Stenus aquilonius	0	0
Eusphalerum segmentarium	0	0
Diochus schaumii	0	4
Pelecomalium puberulum	2	2
Holoboreaphilus nordenskioldi	14	27
Oxypoda skalitzkyi	1	4
Stenus europaeus	1	4
Homalota plana	13	18
Bledius turgidus	0	4
Omalium rugatum	13	14
Euplectus bonvouloiri	0	0
Tachinus elongatus	11	36
Mycetoporus angularis	0	0
Oxypoda testacea	0	0
Gabrius virilis	0	0
Tachinus brevipennis	0	0
Acrotona onthophila	0	0
Gyrophaena strictula	7	7
Neobisnius villosulus	3	7
Oxypoda rugicollis	0	1
Stenus pusillimus	0	0
Euconnus denticornis	1	1
Thamiaraea hospita	3	3
Philonthus lepidus	7	7
Lordithon facilis	27	48
Philonthus decorus	18	21
Megarafonus ventralis	0	0
Gymnusa campbelli	0	2
Phloeopora arctica	0	0
Aleochara binotata	3	4
Placusa pumilio	6	7
Mocyta orbata	0	0
Aleochara villosa	1	2
Gabrius bidentatus	0	0
Bledius spectabilis	5	4
Euconnus brevicornis	0	0
Atheta gyllenhalii	4	4
Lomechusa pubicollis	5	5
Carpelimus quadripunctatus	0	0
Philonthus carbonarius	68	81
Olophrum dejectum	0	0
Lordithon poecilus	5	9
Betocalea pacifica	0	1
Lordithon thoracicus	49	94
Sunius melanocephalus	11	14
Philonthus pubes	0	0
Haploglossa pulla	0	1
Stenus callosifrons	0	0
Atheta satanas	0	0
Atheta puncticollis	0	0
Scaphisoma rubens	38	62
Gnypeta manitobae	0	0
Asemobius caelatus	0	0
Medon pugetensis	0	0
Atheta festinans	0	0
Gyrophaena insolens	2	7
Bledius rubiginosus	0	0
Philhygra larsoni	0	1
Atheta fungicola	0	7
Stenus similis	24	30
Atheta scotica	0	1
Bledius viriosus	0	0
Brundinia marina	0	2
Bisnius cephalotes	0	1
Phloeostiba plana	15	16
Conoplectus canaliculatus	0	1
Tachyusa smetanai	0	1
Leptusa cribratula	0	0
Atheta pseudoelongatula	0	0
Euplectus nanus	17	18
Heterothops fusculus	3	9
Ocalea vancouveri	1	1
Haida keeni	0	4
Gnypeta dentata	0	5
Heterothops marmotae	0	0
Liogluta pagana	0	0
Atheta xanthopus	0	0
Bisnius parcus	0	3
Tachyporus nitidulus	116	169
Zyras collaris	2	3
Oxypoda manitobae	0	0
Brachygluta abdominalis	0	0
Euaesthetus americanus	0	4
Stenus lagopodis	0	0
Bolitochara pulchra	9	9
Sepedophilus occultus	0	5
Deliphrosoma prolongatum	0	0
Hoplandria laevicollis	0	0
Megarthrus occidentalis	0	0
Acylophorus wagenschieberi	0	6
Philhygra stylifera	0	0
Siagonium punctatum	1	1
Euaesthetus albertae	0	2
Arpedium angulare	0	1
Phloeonomus punctipennis	27	28
Euconnus ater	0	0
Mycetoporus nigricollis	0	0
Sepedophilus testaceus	58	44
Tanyrhinus singularis	2	2
Gabrius nigritulus	6	7
Gabrius velox	0	0
Thamiaraea brittoni	2	4
Stenus jacuticus	0	0
Bledius tarandus	0	10
Gnypeta lohsei	0	1
Notothecta flavipes	6	6
Bledius dissimilis	4	5
Stenus scrupeus	0	0
Hesperolinus parcus	0	0
Gabrius seattlensis	0	0
Strophogastra penicillata	0	0
Ocalea badia	8	8
Stenus arculus	0	0
Euaesthetus pacificus	0	0
Quedius cruentus	40	56
Astenus binotatus	0	0
Gyrophaena wisconsinica	0	0
Stenus planatus	0	0
Tachyusida gracilis	0	0
Hapalaraea megarthroides	41	43
Stenus brivioi	0	1
Eutheia scitula	0	0
Tachinus discoideus	0	0
Euaesthetus similis	0	0
Atheta formalis	0	0
Microedus fenderi	1	1
Philonthus concinnus	68	78
Coryphium brunneum	0	0
Oxyporus rufipennis	0	7
Philonthus ventralis	0	6
Rugilus ceylanensis	0	0
Ischnoglossa obscura	3	3
Actium abitibiense	0	0
Gyrophaena caseyi	0	0
Mannerheimia arctica	3	3
Tachyporus stacesmithi	0	0
Arpedium brunnescens	0	0
Tachyporus flavipennis	0	1
Philonthus quadricollis	1	5
Gyrophaena pseudonana	0	0
Platydracus fulvipes	8	10
Atheta wireni	0	0
Oxypoda spectabilis	1	3
Phloeonomus flavipennis	0	0
Baeocera apicalis	0	0
Philonthus neonatus	1	3
Atheta platonoffi	4	11
Philhygra proterminalis	1	3
Oxypoda amica	25	32
Oxypoda funebris	5	8
Stenus gratriosus	0	0
Acrotona muscorum	0	4
Phyllodrepa rufipennis	0	0
Habrocerus capillaricornis	39	44
Ocypus brunnipes	14	16
Pyroglossa canaliculata	0	0
Paramblopusa borealis	0	1
Atheta campbelliana	0	0
Olophrum leechi	0	0
Bledius diota	3	6
Acrolocha sulcula	0	3
Megalinus glabratus	3	2
Mycetoporus inaris	0	0
Palaeoleptochromus schaufussi	0	0
Proteinus laevigatus	11	11
Atheta longicornis	13	15
Dinothenarus capitatus	1	7
Boreocypha websteri	1	4
Aleochara cuniculorum	0	5
Micropeplus cribratus	0	0
Coprophilus castoris	0	0
Gnypeta atrolucens	0	1
Thinopinus pictus	5	31
Creophilus maxillosus	23	36
Carpelimus manchuricus subtilicornis	0	0
Heterothops fumigatus	0	2
Atheta pseudomodesta	0	24
Vicelva vandykei	0	0
Thinobius angusticeps	0	0
Gabrius oceanus	0	0
Gyrophaena illiana	0	5
Placusa petulans	0	0
Stenus venustus	0	1
Lordithon conabilis	2	2
Bibloplectus spinosus	0	0
Atrecus quadripennis	2	4
Philhygra satanas	0	0
Carpelimus foveolatus	4	7
Carpelimus exiguus	14	14
Brachyusa helenae	1	5
Oxypoda operta	0	0
Pelecomalium laevicolle	0	3
Quedius rainieri	0	0
Zyras obliquus	2	2
Aleochara daviesi	0	0
Halobrecta algae	0	0
Stenus ater	3	3
Achenium humile	0	0
Deinopsis rhadina	0	1
Bledius bellicus	0	0
Bryophacis arcticus	0	3
Euconnus debilis	0	0
Microscydmus misellus	0	0
Neocalodera arcuata	0	0
Lordithon cascadensis	0	1
Atheta picipes	0	16
Myllaena brevicornis	9	10
Bythinus burrellii	1	2
Neuraphes rubicundus	0	0
Mycetoporus bimaculatus	0	0
Lathrobium divisum	0	0
Micropeplus sculptus	0	0
Platystethus arenarius	10	11
Bellatheta microptera	0	3
